sensor,score_ttest,rank_ttest,score_mutual_info,rank_mutual_info,score_l1_logistic,rank_l1_logistic,score_random_forest,rank_random_forest,score_shap,rank_shap,mean_rank,consensus_rank,stability,selected
sensor_059,6.204675607964089,2.0,0.023871008152162254,11.0,1.1267457698340897,1.0,0.04744805315069803,1.0,0.030708206574286457,1.0,3.2,1,1.0,True
sensor_129,7.3241128370276325,1.0,0.02495514576087632,9.0,0.5393514890023302,2.0,0.014501059267442338,3.0,0.006528816700023972,7.0,4.4,2,1.0,True
sensor_064,2.1035292472638787,38.0,0.02079450209872724,22.0,0.45781935413015906,4.0,0.010770938454989722,8.0,0.005602605122862463,9.0,16.2,3,0.9333333333333333,True
sensor_033,1.7968049254500813,55.0,0.031146758453985512,4.0,0.19971223383200387,23.0,0.011510290196890833,6.0,0.007682789024798301,5.0,18.6,4,0.9,True
sensor_021,2.700937332173322,17.0,0.010907916232397064,80.0,0.34997832239583043,10.0,0.006768949025857772,21.0,0.004763478935107383,15.0,28.6,5,0.9333333333333333,True
sensor_562,1.6096070090154506,71.0,0.02113090083156033,19.0,0.22489818638832493,16.0,0.00778437739929905,16.0,0.003182892792916239,33.0,31.0,6,0.6333333333333333,True
sensor_247,3.0222668113883357,12.0,0.017208814643695725,43.0,0.021620652715621993,98.0,0.017394870180705915,2.0,0.011166671070229152,2.0,31.4,7,0.6,True
sensor_172,2.1968834221723785,34.0,0.014227934295027778,54.0,0.4082976546689854,7.0,0.0055035156859605866,32.0,0.0026029249296445544,44.0,34.2,8,0.8,True
sensor_155,1.7186183338250578,65.0,0.020919793811198684,20.0,0.20987400009176685,19.0,0.0057050298208863315,30.0,0.002689024474855517,41.0,35.0,9,0.6,True
sensor_000,3.2417378662307588,9.0,0.004658238320759622,127.0,0.2080448196715002,20.0,0.008657558522503927,13.0,0.0053992385695798275,10.0,35.8,10,0.9,True
sensor_175,1.814875301419106,54.0,0.015109923114581258,50.0,0.12742851480732215,43.0,0.006410415873123004,27.0,0.00388771296160285,21.0,39.0,11,0.5,True
sensor_510,2.9455461074353457,15.0,0.013921297944446964,58.0,0.019459354747820075,99.0,0.0072975093173289676,18.0,0.00456319456701099,16.0,41.2,12,0.36666666666666664,True
sensor_460,2.472775993739951,21.0,0.0021878854264016923,157.0,0.29319831038931277,14.0,0.009883397652320266,10.0,0.0069531562144681406,6.0,41.6,13,0.5,True
sensor_573,2.542741532627688,19.0,0.020692056950948112,24.0,0.1554609964189536,35.0,0.004977880808610263,40.0,0.0017896480723702056,94.0,42.4,14,0.5,True
sensor_103,4.367247473890139,4.0,0.005541773670907357,118.0,0.03360145359929115,88.0,0.013411289855378978,5.0,0.008270616955499733,4.0,43.8,15,0.6666666666666666,True
sensor_019,2.0434924492441757,43.0,0.017995472958226566,39.0,0.08648445144755938,61.0,0.004676603315232376,46.0,0.002916097840236147,37.0,45.2,16,0.23333333333333334,True
sensor_122,3.643147514288987,7.0,0.02073862835991358,23.0,0.00018350414310298356,119.0,0.004623535103861285,47.0,0.0030791795283351903,36.0,46.4,17,0.2,True
sensor_213,1.817418278830469,53.0,0.01200790777246552,75.0,0.09159887579371216,54.0,0.006237765919652747,28.0,0.0033330520164857563,31.0,48.2,18,0.5666666666666667,True
sensor_102,1.5505124479694476,73.0,0.01399697140602374,56.0,0.12972513951496928,42.0,0.004680384784935707,45.0,0.0034906204199608632,26.0,48.4,19,0.36666666666666664,True
sensor_040,1.4734763758686749,79.0,0.0386411139742775,1.0,0.04035357004737602,82.0,0.0052283434106084265,36.0,0.0021426953917313106,62.0,52.0,20,0.2,True
sensor_065,2.051463641695693,42.0,0.027300166217064215,7.0,0.0,196.0,0.011253300316429907,7.0,0.006286230705599756,8.0,52.0,21,0.2,True
sensor_138,1.78237188415802,57.0,0.019764657244844663,30.0,0.1937895057503373,24.0,0.0033567777291949965,102.0,0.0021783919924691308,60.0,54.6,22,0.43333333333333335,True
sensor_130,2.341593614163489,25.0,0.021638638188718584,17.0,0.004124567032923492,117.0,0.004051624232105058,64.0,0.0023708416690876324,52.0,55.0,23,0.2,True
sensor_028,4.134747286337274,5.0,0.016462683098764863,45.0,0.0,196.0,0.00904042352429458,11.0,0.0039919726325873105,20.0,55.4,24,0.5333333333333333,True
sensor_125,4.496337725457304,3.0,0.014564175918979405,53.0,0.0072562049574296985,114.0,0.004822376709741981,44.0,0.0018761421871013111,83.0,59.4,25,0.6,True
sensor_468,1.738661675863665,62.0,0.016643377336574394,44.0,0.0,196.0,0.010085433786072583,9.0,0.005263735777336584,11.0,64.4,26,0.13333333333333333,True
sensor_182,1.6144803172138917,70.0,0.014597061422736202,52.0,0.05913869464287496,73.0,0.004287463112587799,58.0,0.0020044387964480554,72.0,65.0,27,0.23333333333333334,True
sensor_079,3.941318128258351,6.0,0.009952115073287082,85.0,0.0,196.0,0.0067154671502584525,22.0,0.004546237681460197,17.0,65.2,28,0.16666666666666666,True
sensor_153,1.2638269694398803,98.0,0.029628009403313893,5.0,0.0,196.0,0.00892327765329701,12.0,0.004445826999468448,19.0,66.0,29,0.0,True
sensor_014,2.229998346699268,31.0,0.003646774350226867,132.0,0.1865945738332539,26.0,0.003973832491207038,68.0,0.0019876741700622274,74.0,66.2,30,0.36666666666666664,True
sensor_488,2.749402828232011,16.0,0.0,229.0,0.31721314318685767,11.0,0.004415696752168889,51.0,0.0036030942614735774,24.0,66.2,31,0.03333333333333333,False
sensor_041,0.5114714122956432,192.0,0.03724957928534223,2.0,0.08731965037772323,58.0,0.005253153508656376,35.0,0.002558397270281658,46.0,66.6,32,0.23333333333333334,False
sensor_205,1.7883594513479661,56.0,0.011927703666628764,76.0,0.0,196.0,0.014431085271975602,4.0,0.009807580295636612,3.0,67.0,33,0.13333333333333333,False
sensor_031,2.0913774722670038,39.0,0.0,229.0,0.18039208542371013,28.0,0.006910467736067017,20.0,0.0036625155802655135,23.0,67.8,34,0.13333333333333333,False
sensor_587,1.891567414713905,48.0,0.004105908626016452,129.0,0.10616458422815515,49.0,0.004254588692211668,59.0,0.0022937109330849136,56.0,68.2,35,0.1,False
sensor_112,3.2053010618653834,10.0,0.007181691000714974,104.0,0.0,196.0,0.007027151867600511,19.0,0.00444964448182978,18.0,69.4,36,0.0,False
sensor_131,0.746736135172732,164.0,0.010015496840771743,84.0,0.1839458241678721,27.0,0.0051741083095050355,37.0,0.002894874225905203,38.0,70.0,37,0.1,False
sensor_385,2.424712125038897,22.0,0.007867768910431394,97.0,0.0,196.0,0.0066502589331960075,23.0,0.005082111946454218,12.0,70.0,38,0.13333333333333333,False
sensor_183,1.0636367261810582,125.0,0.009816124151762029,86.0,0.3705915738133037,8.0,0.0038096960251921006,75.0,0.002080981777650978,68.0,72.4,39,0.1,False
sensor_090,2.544358616834937,18.0,0.0,229.0,0.14256425714343848,38.0,0.004987748937945962,38.0,0.00255762768028608,47.0,74.0,40,0.16666666666666666,False
sensor_128,2.9813029942413616,13.0,0.020203789812557327,27.0,0.0,196.0,0.0036731477955647663,85.0,0.0023323706164280105,55.0,75.2,41,0.0,False
sensor_126,1.843627907954084,51.0,0.01321930034359653,65.0,0.0,196.0,0.005465753072229265,33.0,0.002598138726594394,45.0,78.0,42,0.2,False
sensor_197,1.5711326781646897,72.0,0.0,229.0,0.13036429489767637,41.0,0.006540208973923695,26.0,0.0038662523927290365,22.0,78.0,43,0.06666666666666667,False
sensor_055,1.1449069652497714,111.0,0.022166356865851222,14.0,0.0,196.0,0.005634436446393343,31.0,0.0024597964203433025,49.0,80.2,44,0.03333333333333333,False
sensor_056,1.0988721477716805,116.0,0.005917197594787815,115.0,0.4392302792338229,5.0,0.0036727483911389316,86.0,0.0017494488799414424,98.0,84.0,45,0.06666666666666667,False
sensor_058,1.5164528825533854,76.0,0.013627984896107392,60.0,0.0,196.0,0.004860651448868166,43.0,0.0023351590984010116,54.0,85.8,46,0.1,False
sensor_038,1.056599883440584,127.0,0.019910587079358333,29.0,0.22130909625442202,17.0,0.0029168485773747753,138.0,0.0015250166329689523,127.0,87.6,47,0.13333333333333333,False
sensor_091,0.3936332547234756,212.0,0.012056554414925813,73.0,0.005442474977525977,115.0,0.00775360159764767,17.0,0.0034879686533098244,27.0,88.8,48,0.0,False
sensor_563,0.9884091059844768,138.0,0.0,229.0,0.19372629146017845,25.0,0.006597332423427156,25.0,0.003461839973079465,29.0,89.2,49,0.13333333333333333,False
sensor_143,2.13779486854029,37.0,0.00483198795940587,125.0,0.20174267585595368,22.0,0.002873768313461669,144.0,0.0015737422546329117,120.0,89.6,50,0.03333333333333333,False
sensor_163,2.2776315710855877,28.0,0.0008408715270755707,175.0,0.0,196.0,0.0066072274863765235,24.0,0.0035453821321220808,25.0,89.6,51,0.03333333333333333,False
sensor_227,1.3335614729386651,91.0,0.018161436371830764,38.0,0.0,196.0,0.00391624263678988,73.0,0.0024395494888614527,50.0,89.6,52,0.06666666666666667,False
sensor_239,1.3120301457581527,94.0,0.0033413643252586667,137.0,0.005374346812034384,116.0,0.00443565979883391,50.0,0.002364329435025629,53.0,90.0,53,0.0,False
sensor_078,3.3506719103029647,8.0,0.006622179136363204,110.0,0.0,196.0,0.0038030321730070623,77.0,0.002144829245865624,61.0,90.4,54,0.23333333333333334,False
sensor_430,2.207852659699272,33.0,0.005777087237665679,116.0,0.0,196.0,0.003972357440872245,69.0,0.0026313078029138203,42.0,91.2,55,0.0,False
sensor_133,1.8568608663912245,50.0,0.019970831925301136,28.0,0.042376959318979154,81.0,0.002971448991524196,131.0,0.001294447712779489,169.0,91.8,56,0.43333333333333335,False
sensor_555,1.4055187909356661,85.0,0.01307651463242121,66.0,0.0,196.0,0.004393255019908582,55.0,0.0022793928490421004,57.0,91.8,57,0.0,False
sensor_117,1.3071753293792303,97.0,0.0011547188869889258,173.0,0.16223321532055907,32.0,0.0037561786219118026,79.0,0.0019410368151322078,79.0,92.0,58,0.03333333333333333,False
sensor_011,2.2117783272701232,32.0,0.004882324948829453,124.0,0.03511362067959303,87.0,0.003297617685478176,106.0,0.0016018684932056799,114.0,92.6,59,0.1,False
sensor_063,1.9132163707546117,47.0,0.012011367082189528,74.0,0.0,196.0,0.004398264536945441,54.0,0.0017401956541786595,100.0,94.2,60,0.06666666666666667,False
sensor_170,1.7480102383913987,61.0,0.020242090934943446,26.0,0.03692768994683373,86.0,0.0030758622040714654,120.0,0.0012458072849094758,180.0,94.6,61,0.03333333333333333,False
sensor_024,1.4395604366388473,83.0,0.012162429108177442,71.0,0.0,196.0,0.004473368238309961,49.0,0.001978115078662869,75.0,94.8,62,0.06666666666666667,False
sensor_147,0.8628520830680299,153.0,0.012606420878080726,68.0,0.0,196.0,0.005951911656577909,29.0,0.0034064452481622474,30.0,95.2,63,0.0,False
sensor_489,0.4333235120001039,207.0,0.006926092968467579,108.0,0.015470658705619552,103.0,0.005299300557608903,34.0,0.0032724204084707015,32.0,96.8,64,0.03333333333333333,False
sensor_571,0.4189426333043045,209.0,0.03407053190057052,3.0,0.0,196.0,0.004936623128156889,42.0,0.0031554271630692106,35.0,97.0,65,0.03333333333333333,False
sensor_076,1.75228126807099,59.0,0.00831404233644184,93.0,0.0,196.0,0.003731926608186731,83.0,0.00224793952050437,59.0,98.0,66,0.03333333333333333,False
sensor_210,2.0749804146000232,40.0,0.011348380944485648,79.0,0.0,196.0,0.0033513522033622603,103.0,0.0019475762486159379,78.0,99.2,67,0.23333333333333334,False
sensor_290,0.1355935366558634,250.0,0.02057788964065721,25.0,0.0,196.0,0.008391005864759316,14.0,0.005070151065807227,13.0,99.6,68,0.0,False
sensor_017,1.0789662008186556,122.0,0.010577515133964877,81.0,0.0,196.0,0.004311184813892438,57.0,0.0026300102223009597,43.0,99.8,69,0.0,False
sensor_251,1.6945797453059126,68.0,0.015320436066333931,49.0,0.42801433244250686,6.0,0.002089100321634548,222.0,0.0013495443255367317,154.0,99.8,70,0.0,False
sensor_093,2.2678820351647238,29.0,0.0,229.0,0.050675169784525624,80.0,0.00391720549518994,72.0,0.0018055819929732248,91.0,100.2,71,0.0,False
sensor_099,1.518175612077623,75.0,0.00012162491282263765,183.0,0.30702238671044546,13.0,0.0031169947235291096,118.0,0.001582707595784831,119.0,101.6,72,0.03333333333333333,False
sensor_485,0.871004284763487,152.0,0.003670095062759282,131.0,0.0870117362095082,59.0,0.0037497715428038065,80.0,0.001826646741156887,89.0,102.2,73,0.06666666666666667,False
sensor_180,2.0676422367165954,41.0,0.0072353703195064956,103.0,0.0,196.0,0.0036583919650715236,87.0,0.0017977925330068467,92.0,103.8,74,0.0,False
sensor_252,0.5354752993290897,186.0,0.0034914420128757673,134.0,0.028231391158753942,91.0,0.004116451060969051,63.0,0.0023720942770215584,51.0,105.0,75,0.0,False
sensor_007,1.890997214146672,49.0,0.010267074284221689,83.0,0.012188822974155496,107.0,0.002379285244330037,193.0,0.0017569484190723278,96.0,105.6,76,0.06666666666666667,False
sensor_121,1.442695721859954,81.0,0.0,229.0,0.05731619887962189,77.0,0.004360102676762101,56.0,0.0018309553808551872,88.0,106.2,77,0.0,False
sensor_010,1.4747783351387054,78.0,0.0,229.0,0.0,196.0,0.008340266028602316,15.0,0.00490925331613082,14.0,106.4,78,0.03333333333333333,False
sensor_316,2.4142621693218995,23.0,0.001633625334255484,164.0,0.0,196.0,0.00390692216305137,74.0,0.0019535166869196095,76.0,106.6,79,0.1,False
sensor_124,2.0195976986664985,45.0,0.005183114004265077,122.0,0.0,196.0,0.0032777012438433705,107.0,0.0020972385663711214,65.0,107.0,80,0.0,False
sensor_173,1.4008377166627701,86.0,0.009220884412390662,90.0,0.1472086359471396,37.0,0.002334400434387069,198.0,0.0015269374672209643,126.0,107.4,81,0.03333333333333333,False
sensor_219,1.1461538284798365,110.0,0.0017510393338313612,160.0,0.026042952746453577,93.0,0.003369681945883964,100.0,0.001949777950049095,77.0,108.0,82,0.0,False
sensor_037,1.7322994575242912,64.0,0.019761382050260456,31.0,0.0,196.0,0.003640085376326178,88.0,0.001320013831334254,164.0,108.6,83,0.1,False
sensor_030,2.3922649921032892,24.0,0.005436720532915329,119.0,0.0,196.0,0.004046223195822846,65.0,0.0014012110371394795,146.0,110.0,84,0.0,False
sensor_225,0.19650747921458178,241.0,0.018858110862333577,35.0,0.11906378875670098,46.0,0.003270937918743058,108.0,0.0015180108955349166,129.0,111.8,85,0.0,False
sensor_268,0.9985745597692193,136.0,0.005931471244527309,114.0,0.007776472127614844,113.0,0.0037416818950608776,82.0,0.0015680390700510425,121.0,113.2,86,0.0,False
sensor_486,0.913779023600518,144.0,0.0004907144925581086,178.0,0.2526476563178672,15.0,0.003332503864261509,104.0,0.0015410920160521238,125.0,113.2,87,0.0,False
sensor_115,1.4625443425240443,80.0,0.0,229.0,0.0,196.0,0.004964667526027582,41.0,0.003462395090822711,28.0,114.8,88,0.0,False
sensor_184,0.10134422356980732,258.0,0.01964365605537588,32.0,0.07534684999539751,66.0,0.0032069380842999467,113.0,0.001647869540746891,109.0,115.6,89,0.03333333333333333,False
sensor_145,2.9717584878388865,14.0,0.0,229.0,0.354680205607015,9.0,0.002887222295130831,142.0,0.0011798203060719556,190.0,116.8,90,0.03333333333333333,False
sensor_269,0.019969954693684597,270.0,0.017307650994770496,42.0,0.0156971457010911,102.0,0.0032640415917594796,109.0,0.0020917814653711735,66.0,117.8,91,0.0,False
sensor_248,1.0725250736682113,123.0,0.0,229.0,0.11464524710159056,47.0,0.0033908480946149133,98.0,0.0017555554448606295,97.0,118.8,92,0.0,False
sensor_589,1.1890395271783014,104.0,0.0176705156834418,40.0,0.0,196.0,0.002836873107954059,146.0,0.0016678529562216369,108.0,118.8,93,0.03333333333333333,False
sensor_196,1.2209535971492596,100.0,0.001345082984410606,169.0,0.0,196.0,0.00395019722783865,71.0,0.002139762583885358,63.0,119.8,94,0.0,False
sensor_161,1.7520739959445009,60.0,0.0,229.0,0.12608661427292076,44.0,0.0025895518819759587,168.0,0.001735867830985234,101.0,120.4,95,0.0,False
sensor_160,2.3311800068004307,27.0,0.0,229.0,0.05767621047968131,76.0,0.0030450714585194805,124.0,0.001398992179788869,147.0,120.6,96,0.1,False
sensor_034,0.10345304949654435,257.0,0.0138059828524284,59.0,0.0,196.0,0.0044757114761539785,48.0,0.0025382913869329187,48.0,121.6,97,0.0,False
sensor_413,0.8137897277501176,160.0,0.012443732023368126,70.0,0.0,196.0,0.003506437902260234,92.0,0.0017690203009790106,95.0,122.6,98,0.0,False
sensor_075,1.376920172312062,88.0,0.0,229.0,0.10105497896495212,50.0,0.0033116069715783845,105.0,0.0014371662208895156,143.0,123.0,99,0.0,False
sensor_044,1.7373394253171843,63.0,0.0,229.0,0.0,196.0,0.0042273795520362,60.0,0.0020296300913632743,69.0,123.4,100,0.0,False
sensor_144,1.082887126217188,119.0,0.0,229.0,0.0,196.0,0.00498494814982139,39.0,0.00316377392275498,34.0,123.4,101,0.06666666666666667,False
sensor_080,1.065447904654244,124.0,0.0026404121439334016,150.0,0.0,196.0,0.003977015769259949,67.0,0.0018407419397895475,87.0,124.8,102,0.0,False
sensor_336,1.1626274916180774,108.0,0.0,229.0,0.0,196.0,0.004411492572586871,53.0,0.002819384895379557,39.0,125.0,103,0.0,False
sensor_026,1.838981123556501,52.0,0.007599132226675298,100.0,0.0,196.0,0.003026876452064873,126.0,0.001344517337991259,155.0,125.8,104,0.0,False
sensor_134,0.5701571987754557,183.0,0.02086526657671972,21.0,0.0,196.0,0.003365260158156054,101.0,0.0015223621808190574,128.0,125.8,105,0.03333333333333333,False
sensor_006,0.2626586229419034,231.0,0.023137824715016686,12.0,0.08850135337748224,57.0,0.0025453244699304724,174.0,0.0013417069940192755,156.0,126.0,106,0.0,False
sensor_171,1.3086358767290311,96.0,0.009222581944100972,89.0,0.09042113802046473,55.0,0.0026319603814754025,163.0,0.0009429328133541884,229.0,126.4,107,0.06666666666666667,False
sensor_039,0.4654998593728518,203.0,0.02268352358539194,13.0,0.0,196.0,0.003261988261121047,110.0,0.0016062161149696,112.0,126.8,108,0.0,False
sensor_050,0.914658888323367,143.0,0.002565165350952192,152.0,0.30989365290450527,12.0,0.0023813542568548404,192.0,0.0014563671493839764,136.0,127.0,109,0.0,False
sensor_151,1.713585676971921,66.0,0.0020145630189638553,158.0,0.05242909514392291,79.0,0.0028750669999346398,143.0,0.001188395292132753,189.0,127.0,110,0.0,False
sensor_089,0.5236532667630152,188.0,0.0025898135951611945,151.0,0.03879248730518255,84.0,0.003002274645834445,129.0,0.001850320752772441,85.0,127.4,111,0.0,False
sensor_137,0.9409623345422596,141.0,0.008139984321757332,94.0,0.0,196.0,0.003154772542395346,117.0,0.0017434941083077577,99.0,129.4,112,0.06666666666666667,False
sensor_053,1.3873781927356645,87.0,0.002880509353972327,145.0,0.1372037379280241,39.0,0.0022545114705556737,203.0,0.001255759593327179,175.0,129.8,113,0.0,False
sensor_253,0.5100624144202369,193.0,0.011443081455452475,78.0,0.0,196.0,0.0033781631009590527,99.0,0.0018550307230357141,84.0,130.0,114,0.0,False
sensor_048,1.0144302087115542,133.0,0.007417157880109659,101.0,0.0,196.0,0.0032376355892182653,111.0,0.001589385240042553,117.0,131.6,115,0.0,False
sensor_558,0.872798131261505,151.0,0.018232598533723277,37.0,0.0,196.0,0.0025370210495004836,175.0,0.0016881962696279893,106.0,133.0,116,0.0,False
sensor_212,0.4782247512913776,200.0,0.013492428948701507,61.0,0.0007609844476415764,118.0,0.0024431157781758016,184.0,0.0017302812395227334,103.0,133.2,117,0.0,False
sensor_433,0.5205928665910596,189.0,0.0026790744601639105,148.0,0.0,196.0,0.004120062263204957,62.0,0.00201545386163765,71.0,133.2,118,0.0,False
sensor_473,0.30401777108298056,227.0,0.0,229.0,0.08441298089985594,62.0,0.00372291924803849,84.0,0.0020847751001224443,67.0,133.8,119,0.0,False
sensor_582,1.024652130895553,132.0,0.0,229.0,0.029330335319220493,90.0,0.0034153139541012578,96.0,0.0015419222689639724,124.0,134.2,120,0.0,False
sensor_572,1.7650444528229323,58.0,0.017477449794380595,41.0,0.0,196.0,0.0023303021322224446,199.0,0.0012327177623234114,182.0,135.2,121,0.0,False
sensor_207,0.9939791810629656,137.0,0.0,229.0,0.0,196.0,0.004009426289096051,66.0,0.0022775244450565805,58.0,137.2,122,0.0,False
sensor_431,2.3348246257417347,26.0,0.0024636250114156155,154.0,0.0,196.0,0.0027343121077267104,155.0,0.0013212183666087216,161.0,138.4,123,0.0,False
sensor_218,1.1632711107424658,107.0,0.0,229.0,0.09535447504692683,52.0,0.0026380360618473955,161.0,0.0014092398570739692,144.0,138.6,124,0.0,False
sensor_045,0.917361220827581,142.0,0.007137365125102546,106.0,0.0,196.0,0.0031166706014745206,119.0,0.001506056787075826,131.0,138.8,125,0.0,False
sensor_113,0.14386297100153764,249.0,0.014208750450204422,55.0,0.11999057443966236,45.0,0.002647221360857198,160.0,0.0011966992519186668,187.0,139.2,126,0.0,False
sensor_544,3.162772444755006,11.0,0.006579800574351591,111.0,0.01420523226978411,105.0,0.001596838801789835,248.0,0.0010023255447658408,221.0,139.2,127,0.0,False
sensor_139,0.15910968556956295,246.0,0.006221712610618324,112.0,0.0,196.0,0.004186060909458336,61.0,0.0018848805433936003,82.0,139.4,128,0.0,False
sensor_035,0.5138969026087373,191.0,0.006132567384748322,113.0,0.0,196.0,0.003955100606552972,70.0,0.0015169714284601955,130.0,140.0,129,0.0,False
sensor_560,0.22775835113895565,239.0,0.00871410764274927,91.0,0.01200436658018654,108.0,0.0030550608410349,122.0,0.00145083999536345,140.0,140.0,130,0.0,False
sensor_009,1.0830273310014347,118.0,0.0014453655881716543,167.0,0.06624710768873708,71.0,0.0024471195011505327,182.0,0.001317228018884672,165.0,140.6,131,0.0,False
sensor_159,2.2539017103654433,30.0,0.0,229.0,0.0,196.0,0.0032037573927346514,114.0,0.0014623966320566782,135.0,140.8,132,0.0,False
sensor_166,1.3127045776730524,93.0,0.002340081088905821,155.0,0.17262224640122306,29.0,0.0023702292413238235,195.0,0.0009328842329279577,232.0,140.8,133,0.06666666666666667,False
sensor_203,1.1486711293946006,109.0,0.00925266868779584,88.0,0.0,196.0,0.0023897987635911762,189.0,0.001568002367587271,122.0,140.8,134,0.03333333333333333,False
sensor_082,1.0118600248386336,135.0,0.02199450725002161,15.0,0.0,196.0,0.0023882339924735964,190.0,0.0012688919714621979,172.0,141.6,135,0.0,False
sensor_067,0.7963880863292334,161.0,0.0,229.0,0.4658697572496122,3.0,0.0026053769727650846,165.0,0.0013794994693112675,151.0,141.8,136,0.0,False
sensor_211,1.0599162880230526,126.0,0.0,229.0,0.20414806290350745,21.0,0.0023253323682166905,200.0,0.0014686369524599498,134.0,142.0,137,0.0,False
sensor_273,1.013901824613173,134.0,0.01632886527991073,46.0,0.0,196.0,0.002546369629245708,172.0,0.0012906320775270571,171.0,143.8,138,0.0,False
sensor_337,1.0828661716546808,120.0,0.0,229.0,0.1498151941008913,36.0,0.002830035222479724,149.0,0.0012119203257541407,186.0,144.0,139,0.0,False
sensor_549,0.4593799592628383,204.0,0.0,229.0,0.0,196.0,0.0044156170488372695,52.0,0.002731323056356171,40.0,144.2,140,0.0,False
sensor_270,0.6486677605805453,176.0,0.0032973076084306108,139.0,0.0,196.0,0.0030061796309200353,128.0,0.0018485733197205867,86.0,145.0,141,0.0,False
sensor_476,0.7148909556266785,166.0,0.0034120837923514724,135.0,0.1716179858405157,30.0,0.002186434019538151,209.0,0.0011914439961483068,188.0,145.6,142,0.0,False
sensor_025,1.079918225540597,121.0,0.0003664213218959045,179.0,0.09441437613613184,53.0,0.0025021769373807677,179.0,0.0011486136098556644,197.0,145.8,143,0.0,False
sensor_484,1.6408413662785322,69.0,0.0,229.0,0.08685758205292464,60.0,0.0025786791160908305,169.0,0.001103599794876779,205.0,146.4,144,0.06666666666666667,False
sensor_487,0.8828564251083076,148.0,0.0,229.0,0.0,196.0,0.0035498510803686333,89.0,0.0020239956470192704,70.0,146.4,145,0.0,False
sensor_132,1.1660315508482209,106.0,0.01831340679568183,36.0,0.05318860012112006,78.0,0.0012793640738499596,261.0,0.0006555015584288402,255.0,147.2,146,0.0,False
sensor_061,0.23309968352436694,237.0,0.00727316530709432,102.0,0.0,196.0,0.002966407016908814,133.0,0.0019881357112457843,73.0,148.2,147,0.0,False
sensor_221,0.26191580583915747,232.0,0.002760617487985284,147.0,0.08934725943841897,56.0,0.0028325292882073593,147.0,0.0013271782644498117,160.0,148.4,148,0.0,False
sensor_162,1.4090406563495321,84.0,0.0,229.0,0.0,196.0,0.003158362379072389,116.0,0.0015865193975533828,118.0,148.6,149,0.0,False
sensor_150,1.1810980046465205,105.0,0.0,229.0,0.0,196.0,0.0034258646618778857,95.0,0.0015565243401052741,123.0,149.6,150,0.0,False
sensor_187,0.35509863842076306,218.0,0.003360046947861628,136.0,0.0,196.0,0.003392384599305156,97.0,0.0017321092923202675,102.0,149.8,151,0.0,False
sensor_070,0.48882727327710557,197.0,0.014744978487896132,51.0,0.0,196.0,0.0030220830544622906,127.0,0.0012533340860452669,179.0,150.0,152,0.0,False
sensor_086,0.8626819523425066,154.0,0.0,229.0,0.008282933354549655,112.0,0.0028990317477229155,140.0,0.0015897945650782638,116.0,150.2,153,0.0,False
sensor_202,1.0387309671910665,130.0,0.0,229.0,0.0,196.0,0.0031884358213780583,115.0,0.001928858931475067,81.0,150.2,154,0.0,False
sensor_201,1.12415587470995,113.0,0.0,229.0,0.027091038067330438,92.0,0.0027561352245595748,154.0,0.0013167855193909723,166.0,150.8,155,0.0,False
sensor_022,1.9600265956283645,46.0,0.0,229.0,0.0,196.0,0.0025060434587404275,178.0,0.0016816741815132799,107.0,151.2,156,0.0,False
sensor_095,2.1597339930503905,36.0,0.015378879660384204,48.0,0.0,196.0,0.0014151972040048796,253.0,0.0009912709787877763,223.0,151.2,157,0.0,False
sensor_542,2.5093560890279343,20.0,0.0056610024127028424,117.0,0.01629969868970824,100.0,0.0015549125538554085,251.0,0.0003136910873158033,270.0,151.6,158,0.0,False
sensor_177,0.12013304931713197,254.0,0.025464788559182105,8.0,0.155624505653803,34.0,0.002098458295720157,220.0,0.0008214419236807752,246.0,152.4,159,0.0,False
sensor_200,1.1237419686246692,114.0,0.0,229.0,0.0,196.0,0.0032234502367176677,112.0,0.0016199583679091228,111.0,152.4,160,0.03333333333333333,False
sensor_016,0.016486590129942278,272.0,0.004496760769272301,128.0,0.0,196.0,0.0038083692532189396,76.0,0.0017964797850328282,93.0,153.0,161,0.0,False
sensor_195,0.8733594994713546,150.0,0.015391782544974753,47.0,0.06824866749675546,69.0,0.001297437948439407,260.0,0.00076409322290234,248.0,154.8,162,0.0,False
sensor_216,0.4082727673465819,210.0,0.0013789569052493622,168.0,0.09946803270514208,51.0,0.002547947934810596,171.0,0.0012537753893768868,178.0,155.6,163,0.0,False
sensor_547,1.4410353547244026,82.0,0.002658177325636668,149.0,0.0148023453436764,104.0,0.0018258612030616192,233.0,0.0010675503807871082,211.0,155.8,164,0.0,False
sensor_255,0.3888336945114822,214.0,0.0,229.0,0.0,196.0,0.003760801933049768,78.0,0.002109073760003305,64.0,156.2,165,0.0,False
sensor_496,0.4696796894135451,202.0,0.0,229.0,0.08414063628952058,63.0,0.002830389242698832,148.0,0.0014516859336267734,139.0,156.2,166,0.0,False
sensor_474,0.6106751493614809,181.0,0.003265030931358437,140.0,0.0,196.0,0.003543902933614864,90.0,0.0012556927461874763,176.0,156.6,167,0.0,False
sensor_108,1.045828786996908,129.0,0.0,229.0,0.0,196.0,0.003045768650213184,123.0,0.0016362507482378164,110.0,157.4,168,0.03333333333333333,False
sensor_043,0.8534232784189361,155.0,0.00034427066852527055,180.0,0.13120653513303004,40.0,0.0023491215891031734,197.0,0.0010138880084225805,220.0,158.4,169,0.0,False
sensor_181,0.24673404661356715,235.0,0.005205524238063974,121.0,0.04022468019948413,83.0,0.0025532771791655527,170.0,0.001161597620625566,193.0,160.4,170,0.0,False
sensor_072,0.529261007592867,187.0,0.0,229.0,0.0,196.0,0.0035278788951452326,91.0,0.001720396214146029,104.0,161.4,171,0.0,False
sensor_119,0.34178945718139886,222.0,0.004671724624212947,126.0,0.008450391808363867,111.0,0.0021799829050183303,211.0,0.001452397980261886,138.0,161.6,172,0.0,False
sensor_054,1.0533190573811135,128.0,0.0,229.0,0.15637835339044548,33.0,0.002122220431809931,218.0,0.00111353982718814,203.0,162.2,173,0.0,False
sensor_228,0.8895678408921367,147.0,0.0,229.0,0.0,196.0,0.0037428026350649966,81.0,0.0013334707929883432,159.0,162.4,174,0.0,False
sensor_001,0.2512860396372095,234.0,0.0,229.0,0.07807185896615113,65.0,0.0029213181801652456,137.0,0.001397531666607841,148.0,162.6,175,0.0,False
sensor_439,1.3378617797485328,90.0,0.0,229.0,0.0,196.0,0.002598782940486245,166.0,0.0014849041772637141,133.0,162.8,176,0.0,False
sensor_164,2.037444645870773,44.0,0.0,229.0,0.0,196.0,0.0026333656432874736,162.0,0.001220894361663347,184.0,163.0,177,0.0,False
sensor_407,0.12400543527877692,251.0,0.0241232874804016,10.0,0.024866477864135803,94.0,0.0016493561803870922,245.0,0.0010357320417223358,215.0,163.0,178,0.0,False
sensor_120,0.39085595935704676,213.0,0.0017787684998251674,159.0,0.022845528559519372,97.0,0.002948155117269313,135.0,0.0010517659711203776,212.0,163.2,179,0.0,False
sensor_135,0.5711310521353956,182.0,0.0,229.0,0.0,196.0,0.0029926681705672777,130.0,0.001933363828060034,80.0,163.4,180,0.03333333333333333,False
sensor_198,1.133509162368007,112.0,0.0,229.0,0.0,196.0,0.0028124397375361015,150.0,0.0014939474754835677,132.0,163.8,181,0.0,False
sensor_015,0.0995327016990029,259.0,0.0002959807259892422,181.0,0.0,196.0,0.003451202678248597,94.0,0.0018255490725541258,90.0,164.0,182,0.0,False
sensor_088,0.48020129206497775,199.0,0.013327719699546714,63.0,0.0,196.0,0.002436694116947902,185.0,0.0012448685263475579,181.0,164.8,183,0.0,False
sensor_146,0.7249897614501207,165.0,0.003297548686590046,138.0,0.031086759496767646,89.0,0.001837640320010094,232.0,0.0011274348948459622,201.0,165.0,184,0.0,False
sensor_250,0.12244099441433176,252.0,0.005206737507114756,120.0,0.0,196.0,0.0028714876596593417,145.0,0.0015978355367493432,115.0,165.6,185,0.0,False
sensor_224,0.34193759679222646,221.0,0.00252893416929334,153.0,0.0,196.0,0.003034294939237979,125.0,0.0014540976809249368,137.0,166.4,186,0.0,False
sensor_423,0.8342742814628706,158.0,0.0,229.0,0.16588510701855763,31.0,0.002146489280063445,215.0,0.0011420547528963483,199.0,166.4,187,0.0,False
sensor_029,1.3086647007653345,95.0,0.0,229.0,0.0789802108497675,64.0,0.002013949335634747,227.0,0.0010189935634112666,219.0,166.8,188,0.0,False
sensor_511,1.3431354346582478,89.0,0.0,229.0,0.10623303626906437,48.0,0.0017324797315681642,238.0,0.0009398771893088828,230.0,166.8,189,0.0,False
sensor_003,0.12142237497002162,253.0,0.019220809267876726,33.0,0.0,196.0,0.0022802080663924815,202.0,0.0013654831901205985,152.0,167.2,190,0.0,False
sensor_156,0.8970861417205422,146.0,0.0017024613552092394,162.0,0.0,196.0,0.002370565221263693,194.0,0.0014457419972275876,141.0,167.8,191,0.0,False
sensor_412,0.17894953948943002,243.0,0.01890300165159542,34.0,0.0,196.0,0.0025905568250275675,167.0,0.0010683685825277336,210.0,170.0,192,0.0,False
sensor_002,0.8510803415240421,156.0,0.021416365085195288,18.0,0.0,196.0,0.0013244573363769597,257.0,0.0009378693495756242,231.0,171.6,193,0.0,False
sensor_020,0.34476993819857754,220.0,0.00289570367827241,144.0,0.0,196.0,0.002765907033887567,153.0,0.0014039929988174887,145.0,171.6,194,0.0,False
sensor_254,0.5187444833033642,190.0,0.007744276866113342,99.0,0.0,196.0,0.0021706611343140342,212.0,0.0013205442489238287,163.0,172.0,195,0.0,False
sensor_114,1.5397497850985813,74.0,0.0,229.0,0.21258312682608865,18.0,0.00019847532461699416,271.0,0.0001436494080179138,271.0,172.6,196,0.0,False
sensor_140,0.1951479126159537,242.0,0.01214287267879044,72.0,0.0,196.0,0.0027215558955390145,157.0,0.0011524862443973857,196.0,172.6,197,0.0,False
sensor_176,0.7030423464769636,167.0,0.005025279237343749,123.0,0.0,196.0,0.0024210683830792096,187.0,0.0011674214760715206,191.0,172.8,198,0.1,False
sensor_543,2.1889639935097946,35.0,0.007147546627297663,105.0,0.0,196.0,0.000812365560982494,268.0,0.000537862272818797,263.0,173.4,199,0.0,False
sensor_471,0.9807300339803762,139.0,0.0,229.0,0.0,196.0,0.002971272117497509,132.0,0.0012566903482880325,174.0,174.0,200,0.0,False
sensor_550,1.2176192331984674,101.0,0.0012573959443629157,170.0,0.0,196.0,0.0020924776521471394,221.0,0.0012151680871409628,185.0,174.6,201,0.0,False
sensor_142,0.3121554121879332,225.0,0.007023386372783547,107.0,0.05774077518891868,75.0,0.0019432630759595925,229.0,0.0008891702757366857,238.0,174.8,202,0.0,False
sensor_278,1.699393130657536,67.0,0.0027779718673375253,146.0,0.0,196.0,0.0015306579276488223,252.0,0.001028594604737027,216.0,175.4,203,0.0,False
sensor_118,0.9036982147396236,145.0,0.0,229.0,0.0,196.0,0.002776906512383504,152.0,0.0013364172012802716,158.0,176.0,204,0.0,False
sensor_032,1.113519108459399,115.0,0.0031376264779219287,143.0,0.0,196.0,0.0020310032442981555,225.0,0.001092017619842277,206.0,177.0,205,0.0,False
sensor_222,0.8360215392370022,157.0,0.013970620611880147,57.0,0.0,196.0,0.002086330290435564,223.0,0.0006811457207950198,254.0,177.4,206,0.0,False
sensor_092,0.3603266921954285,217.0,0.013478322740653637,62.0,0.0,196.0,0.0022952669828741118,201.0,0.0010441541168304258,214.0,178.0,207,0.0,False
sensor_084,0.024905076056961486,268.0,0.011742802783466733,77.0,0.0,196.0,0.002888564016146642,141.0,0.0010788954846859893,209.0,178.2,208,0.0,False
sensor_008,0.17864247825240837,244.0,0.0,229.0,0.0,196.0,0.0030651657060548204,121.0,0.0017051863750768498,105.0,179.0,209,0.0,False
sensor_051,0.3344026274170013,223.0,0.010469720304647767,82.0,0.0,196.0,0.002129437852046906,217.0,0.0012538600685494798,177.0,179.0,210,0.0,False
sensor_168,0.5033141026601466,194.0,0.008439369209607417,92.0,0.0,196.0,0.0025294062967939164,176.0,0.0008715058657218663,239.0,179.4,211,0.0,False
sensor_214,1.3194786677604904,92.0,0.0,229.0,0.0,196.0,0.0027298685432491504,156.0,0.0009760628661087974,226.0,179.8,212,0.0,False
sensor_432,0.563178087593523,184.0,0.001531854180283121,166.0,0.0,196.0,0.0023682028510152394,196.0,0.0013399253339650924,157.0,179.8,213,0.0,False
sensor_583,0.7572517709069034,163.0,0.021658019140573304,16.0,0.0,196.0,0.0012612662514511273,262.0,0.0005451219584365345,262.0,179.8,214,0.0,False
sensor_071,0.4922468771120783,195.0,0.0,229.0,0.06808285560492626,70.0,0.0022456443762939354,205.0,0.0011070748783280572,204.0,180.6,215,0.0,False
sensor_356,0.6710287859940369,172.0,0.0,229.0,0.0,196.0,0.002933792745166881,136.0,0.0012921491220896017,170.0,180.6,216,0.0,False
sensor_570,0.0445986791035385,265.0,0.02843985750324385,6.0,0.0,196.0,0.002148436980969453,214.0,0.000993478009528594,222.0,180.6,217,0.2,False
sensor_217,0.09256254316343845,260.0,0.012492799533889931,69.0,0.0,196.0,0.002511009100387389,177.0,0.0011263306304752905,202.0,180.8,218,0.0,False
sensor_223,0.2760092000556161,229.0,0.0017034774378192896,161.0,0.0,196.0,0.0028044167638339988,151.0,0.0013020441148746903,168.0,181.0,219,0.0,False
sensor_483,1.1917539743437522,103.0,0.0,229.0,0.0,196.0,0.0021978537062558676,207.0,0.0012683065278106009,173.0,181.6,220,0.0,False
sensor_066,0.49131106134272545,196.0,0.0016588224073641467,163.0,0.0,196.0,0.0026138442323155493,164.0,0.0011526495215309735,195.0,182.8,221,0.0,False
sensor_062,0.2045868664566559,240.0,0.0,229.0,0.0,196.0,0.002913785096990706,139.0,0.0016062108679985574,113.0,183.4,222,0.0,False
sensor_559,0.23001776224784432,238.0,0.0006152821118889928,176.0,0.0,196.0,0.0026873168395411284,159.0,0.0013834369744111746,150.0,183.8,223,0.0,False
sensor_087,0.6860663143695688,170.0,0.0,229.0,0.0,196.0,0.0026895192449453167,158.0,0.0013113538404973127,167.0,184.0,224,0.0,False
sensor_060,0.6812062410939974,171.0,0.0,229.0,0.06918330915334406,68.0,0.0017786227777435212,235.0,0.001023774293183315,218.0,184.2,225,0.0,False
sensor_169,0.3617115039979405,216.0,0.003233572395312523,141.0,0.023922364586639523,95.0,0.0017011935865996238,242.0,0.0009452115583999614,228.0,184.4,226,0.0,False
sensor_551,1.1994951608663023,102.0,0.0,229.0,0.0,196.0,0.0018826431755439054,230.0,0.0012236159453505565,183.0,188.0,227,0.0,False
sensor_018,0.6637183003385028,174.0,0.0,229.0,0.0,196.0,0.0024619834089252275,181.0,0.0013208600585182307,162.0,188.4,228,0.0,False
sensor_345,0.2522411039458901,233.0,0.0,229.0,0.0,196.0,0.003504481590444549,93.0,0.001165542607655896,192.0,188.6,229,0.0,False
sensor_188,1.4863288825093375,77.0,0.0,229.0,0.0,196.0,0.0017728326253751785,236.0,0.0010820000314591843,207.0,189.0,230,0.0,False
sensor_238,0.4589359539272267,205.0,0.01325181218890914,64.0,0.0,196.0,0.0017305598167767892,239.0,0.0007014018602362844,252.0,191.2,231,0.0,False
sensor_047,0.4342287232710213,206.0,0.003147309371224871,142.0,0.0,196.0,0.002431685965242977,186.0,0.0009659238036754867,227.0,191.4,232,0.0,False
sensor_057,0.17359006295095925,245.0,0.012654495551733369,67.0,0.0,196.0,0.002251501256412595,204.0,0.0008460618647206726,245.0,191.4,233,0.0,False
sensor_068,0.8784310096526312,149.0,0.00010326127060134027,184.0,0.0,196.0,0.002137675115208519,216.0,0.001049902313718008,213.0,191.6,234,0.0,False
sensor_107,0.47401971283026306,201.0,0.0,229.0,0.0,196.0,0.002446122597785439,183.0,0.0013852637040501048,149.0,191.6,235,0.0,False
sensor_073,1.0833952360639338,117.0,0.0,229.0,0.0,196.0,0.002476916264021847,180.0,0.0008952695691120775,237.0,191.8,236,0.0,False
sensor_023,0.6699555407467901,173.0,0.0012223485687352653,171.0,0.0,196.0,0.002079921171335678,224.0,0.0011363086186512263,200.0,192.8,237,0.0,False
sensor_101,0.6862099918167669,169.0,2.1544284112273715e-05,185.0,0.05778435455205023,74.0,0.0007102420197181991,269.0,0.00037955174852798227,268.0,193.0,238,0.0,False
sensor_472,0.045786682219080624,264.0,0.0,229.0,0.0,196.0,0.0029599372755032766,134.0,0.0014377931645074146,142.0,193.0,239,0.0,False
sensor_546,0.15546163991715167,247.0,0.006709583178060585,109.0,0.008668249107129726,110.0,0.0013052302311049352,259.0,0.000867565839899348,240.0,193.0,240,0.0,False
sensor_208,0.6521574840368758,175.0,0.0,229.0,0.015903335734834108,101.0,0.0017617004724949244,237.0,0.000912606352454949,234.0,195.2,241,0.0,False
sensor_368,0.7028424695529407,168.0,0.0009319211889213808,174.0,0.0,196.0,0.0024095095497451034,188.0,0.0007612272776595191,251.0,195.4,242,0.0,False
sensor_046,0.9478804385963356,140.0,0.0,229.0,0.0,196.0,0.0021826586794649362,210.0,0.0010815301480634524,208.0,196.6,243,0.0,False
sensor_564,0.6154630311836802,180.0,0.0,229.0,0.03694273363036844,85.0,0.0016305128186850763,246.0,0.000782818185955345,247.0,197.4,244,0.0,False
sensor_136,0.1475554587733812,248.0,0.008075801200911448,96.0,0.0,196.0,0.0020174022694154138,226.0,0.0009822498016740185,224.0,198.0,245,0.0,False
sensor_012,0.6332953859830356,179.0,0.0,229.0,0.0,196.0,0.002384310033003657,191.0,0.0011447272453121015,198.0,198.6,246,0.0,False
sensor_586,0.4869522664066523,198.0,0.009741122482181508,87.0,0.0,196.0,0.0013636379329983821,256.0,0.0005957152176877817,260.0,199.4,247,0.0,False
sensor_438,0.10853194684339999,256.0,0.0,229.0,0.0,196.0,0.0025457758547274972,173.0,0.001354370065047334,153.0,201.4,248,0.0,False
sensor_267,0.24050810187508825,236.0,0.007825886160893303,98.0,0.0,196.0,0.001983007704677025,228.0,0.0005708516801037693,261.0,203.8,249,0.0,False
sensor_083,0.7825168760396798,162.0,0.0012062985694669681,172.0,0.0,196.0,0.0015837633533604281,250.0,0.0006844440265878816,253.0,206.6,250,0.0,False
sensor_098,0.3464573630782328,219.0,0.0036972373319883456,130.0,0.0,196.0,0.001688067237645471,243.0,0.0006327742211881014,256.0,208.8,251,0.0,False
sensor_419,0.5492039560120489,185.0,0.003606598459128252,133.0,0.0,196.0,0.0012054701542258623,263.0,0.00036457889673539677,269.0,209.2,252,0.0,False
sensor_123,1.0319908039133276,131.0,0.0,229.0,0.0,196.0,0.0017169766979964265,241.0,0.0007620232021194509,250.0,209.4,253,0.0,False
sensor_100,0.8317267739899838,159.0,0.0,229.0,0.0,196.0,0.0018620155000215702,231.0,0.0009157936073580894,233.0,209.6,254,0.0,False
sensor_081,0.2864423157085854,228.0,0.0005647072112526796,177.0,0.0,196.0,0.0021610705936648093,213.0,0.0008960081219898938,236.0,210.0,255,0.0,False
sensor_418,0.3141305909821955,224.0,0.0,229.0,0.06119497910582367,72.0,0.0010904158103173232,266.0,0.0004712558327255957,266.0,211.4,256,0.0,False
sensor_094,0.2759976829353956,230.0,0.008113291392112254,95.0,0.0,196.0,0.0007090944099235163,270.0,0.0004023586899290132,267.0,211.6,257,0.0,False
sensor_521,1.2328436280284547,99.0,0.0,229.0,0.0,196.0,7.820647930495554e-05,272.0,5.382707045315285e-05,272.0,213.6,258,0.0,False
sensor_482,0.6341870911311309,178.0,0.001574920089185694,165.0,0.0,196.0,0.001135386272391579,265.0,0.0005175600245166525,265.0,213.8,259,0.0,False
sensor_077,0.0559192192106593,263.0,0.0,229.0,0.011705822510734869,109.0,0.0013773186581696407,254.0,0.0009791048645548834,225.0,216.0,260,0.0,False
sensor_480,0.11934554191341688,255.0,0.0,229.0,0.0,196.0,0.0021897441196641423,208.0,0.001160867636665596,194.0,216.4,261,0.0,False
sensor_004,0.40495257813978747,211.0,0.0,229.0,0.0,196.0,0.002223414473545744,206.0,0.0008620680665813998,241.0,216.6,262,0.0,False
sensor_500,0.025050493559049716,267.0,0.0,229.0,0.07070346278406754,67.0,0.0011590745195782805,264.0,0.0006129124749142414,258.0,217.0,263,0.0,False
sensor_367,0.020808481325220927,269.0,0.0,229.0,0.01293163180445013,106.0,0.0017217650118055827,240.0,0.0008542218747048355,242.0,217.2,264,0.0,False
sensor_116,0.019599190355840398,271.0,0.0002766508832705572,182.0,0.0,196.0,0.00210462349722879,219.0,0.0008964995824008451,235.0,220.6,265,0.0,False
sensor_565,0.057060354423573476,262.0,0.002262533295362301,156.0,0.0,196.0,0.001622444035384131,247.0,0.0008514461292041684,243.0,220.8,266,0.0,False
sensor_569,0.06262013003888071,261.0,0.0,229.0,0.022866742154229874,96.0,0.0013094145695053431,258.0,0.0005273845323953773,264.0,221.6,267,0.0,False
sensor_185,0.3096276375918952,226.0,0.0,229.0,0.0,196.0,0.0016792781830609537,244.0,0.001025861885702331,217.0,222.4,268,0.0,False
sensor_548,0.6479091856840282,177.0,0.0,229.0,0.0,196.0,0.001373792173029501,255.0,0.0006162514925350968,257.0,222.8,269,0.0,False
sensor_167,0.42551860601327035,208.0,0.0,229.0,0.0,196.0,0.0015846495915244443,249.0,0.0008504646302347914,244.0,225.2,270,0.0,False
sensor_499,0.3678764948548991,215.0,0.0,229.0,0.0,196.0,0.0010852924802035762,267.0,0.0006017962434794274,259.0,233.2,271,0.0,False
sensor_215,0.04382477060242594,266.0,0.0,229.0,0.0,196.0,0.00178981321405786,234.0,0.0007636249329425643,249.0,234.8,272,0.0,False
