unit_id,timestamp,period,fail,sensors_in_alarm,sensors_in_warning,spc_alarm
U0001,2008-07-19 11:55:00,train,0,0,0,False
U0002,2008-07-19 12:32:00,train,0,0,0,False
U0003,2008-07-19 13:17:00,train,1,0,0,False
U0004,2008-07-19 14:43:00,train,0,0,0,False
U0005,2008-07-19 15:22:00,train,0,0,2,False
U0006,2008-07-19 17:53:00,train,0,0,2,False
U0007,2008-07-19 19:44:00,train,0,0,3,False
U0008,2008-07-19 19:45:00,train,0,1,3,True
U0009,2008-07-19 20:24:00,train,0,0,3,False
U0010,2008-07-19 21:35:00,train,0,1,4,True
U0011,2008-07-19 21:57:00,train,1,5,3,True
U0012,2008-07-19 22:52:00,train,1,1,3,True
U0013,2008-07-20 03:35:00,train,0,0,3,False
U0014,2008-07-21 08:21:00,train,0,0,3,False
U0015,2008-07-21 11:53:00,train,1,0,4,False
U0016,2008-07-22 00:03:00,train,0,4,5,True
U0017,2008-07-22 02:59:00,train,0,4,4,True
U0018,2008-07-22 08:41:00,train,0,2,4,True
U0019,2008-07-22 11:47:00,train,0,1,4,True
U0020,2008-07-22 14:00:00,train,0,0,4,False
U0021,2008-07-22 15:30:00,train,0,0,3,False
U0022,2008-07-23 05:15:00,train,0,0,3,False
U0023,2008-07-23 19:22:00,train,0,0,2,False
U0024,2008-07-25 15:23:00,train,1,0,2,False
U0025,2008-07-27 04:18:00,train,0,4,2,True
U0026,2008-07-27 09:37:00,train,0,4,2,True
U0027,2008-07-27 11:10:00,train,0,4,3,True
U0028,2008-07-27 15:46:00,train,0,0,2,False
U0029,2008-07-27 16:06:00,train,0,0,2,False
U0030,2008-07-27 16:49:00,train,0,0,2,False
U0031,2008-07-27 20:24:00,train,0,1,2,True
U0032,2008-07-27 22:28:00,train,0,1,2,True
U0033,2008-07-27 22:28:00,train,0,1,2,True
U0034,2008-07-27 23:14:00,train,0,0,2,False
U0035,2008-07-28 03:31:00,train,0,0,1,False
U0036,2008-07-28 03:48:00,train,0,0,1,False
U0037,2008-07-28 04:37:00,train,0,0,1,False
U0038,2008-07-28 05:36:00,train,0,0,2,False
U0039,2008-07-28 06:45:00,train,1,0,4,False
U0040,2008-07-28 08:36:00,train,0,0,2,False
U0041,2008-07-28 15:11:00,train,1,0,3,False
U0042,2008-07-28 23:57:00,train,0,0,2,False
U0043,2008-07-29 04:08:00,train,0,0,1,False
U0044,2008-07-29 05:16:00,train,0,0,1,False
U0045,2008-07-29 06:19:00,train,0,0,2,False
U0046,2008-07-29 08:23:00,train,1,0,2,False
U0047,2008-07-29 11:47:00,train,0,3,1,True
U0048,2008-07-29 15:41:00,train,0,3,1,True
U0049,2008-07-29 15:49:00,train,1,3,3,True
U0050,2008-07-29 17:05:00,train,1,0,2,False
U0051,2008-07-29 18:08:00,train,1,0,4,False
U0052,2008-07-29 21:07:00,train,0,0,4,False
U0053,2008-07-29 23:14:00,train,0,0,4,False
U0054,2008-07-29 23:19:00,train,0,0,2,False
U0055,2008-07-30 06:30:00,train,0,0,2,False
U0056,2008-07-30 07:08:00,train,0,0,2,False
U0057,2008-07-30 12:02:00,train,0,0,1,False
U0058,2008-07-30 12:29:00,train,1,0,2,False
U0059,2008-07-30 21:16:00,train,1,5,2,True
U0060,2008-07-31 13:57:00,train,0,4,0,True
U0061,2008-07-31 15:36:00,train,0,1,1,True
U0062,2008-07-31 17:07:00,train,0,1,2,True
U0063,2008-07-31 20:18:00,train,1,1,1,True
U0064,2008-08-01 02:02:00,train,0,0,3,False
U0065,2008-08-01 05:52:00,train,1,0,3,False
U0066,2008-08-01 10:20:00,train,0,0,4,False
U0067,2008-08-01 10:26:00,train,0,0,6,False
U0068,2008-08-01 11:28:00,train,0,0,6,False
U0069,2008-08-01 12:29:00,train,0,0,6,False
U0070,2008-08-01 14:07:00,train,0,1,6,True
U0071,2008-08-01 15:10:00,train,0,1,6,True
U0072,2008-08-02 03:39:00,train,0,0,4,False
U0073,2008-08-03 13:09:00,train,0,0,4,False
U0074,2008-08-03 14:06:00,train,0,1,4,True
U0075,2008-08-03 14:25:00,train,0,0,3,False
U0076,2008-08-03 15:03:00,train,0,0,4,False
U0077,2008-08-03 15:27:00,train,0,0,4,False
U0078,2008-08-03 16:00:00,train,0,0,4,False
U0079,2008-08-03 17:00:00,train,0,0,4,False
U0080,2008-08-03 17:58:00,train,0,0,4,False
U0081,2008-08-03 20:23:00,train,0,0,4,False
U0082,2008-08-03 22:52:00,train,0,0,4,False
U0083,2008-08-04 00:39:00,train,1,0,4,False
U0084,2008-08-04 03:45:00,train,0,0,4,False
U0085,2008-08-04 03:49:00,train,0,0,4,False
U0086,2008-08-04 13:19:00,train,0,0,2,False
U0087,2008-08-04 14:04:00,train,0,0,2,False
U0088,2008-08-04 14:31:00,train,0,0,1,False
U0089,2008-08-04 15:29:00,train,0,0,1,False
U0090,2008-08-04 16:15:00,train,0,0,1,False
U0091,2008-08-04 16:31:00,train,0,1,1,True
U0092,2008-08-04 17:11:00,train,0,1,1,True
U0093,2008-08-04 17:46:00,train,0,1,1,True
U0094,2008-08-04 18:24:00,train,0,3,1,True
U0095,2008-08-04 19:58:00,train,0,0,3,False
U0096,2008-08-04 20:32:00,train,0,1,3,True
U0097,2008-08-04 20:58:00,train,1,0,3,False
U0098,2008-08-04 21:43:00,train,0,0,4,False
U0099,2008-08-04 22:51:00,train,0,0,4,False
U0100,2008-08-04 23:33:00,train,0,1,5,True
U0101,2008-08-05 00:04:00,train,0,1,5,True
U0102,2008-08-05 01:12:00,train,0,0,6,False
U0103,2008-08-05 02:15:00,train,0,1,5,True
U0104,2008-08-05 02:36:00,train,0,2,5,True
U0105,2008-08-05 02:45:00,train,0,2,5,True
U0106,2008-08-05 03:17:00,train,0,2,5,True
U0107,2008-08-05 03:36:00,train,0,2,5,True
U0108,2008-08-05 03:54:00,train,0,1,6,True
U0109,2008-08-05 04:32:00,train,0,1,5,True
U0110,2008-08-05 04:35:00,train,0,1,6,True
U0111,2008-08-05 05:11:00,train,0,0,4,False
U0112,2008-08-05 06:10:00,train,0,0,3,False
U0113,2008-08-05 06:11:00,train,0,0,3,False
U0114,2008-08-05 06:21:00,train,0,0,2,False
U0115,2008-08-05 07:12:00,train,0,0,2,False
U0116,2008-08-05 07:12:00,train,1,0,2,False
U0117,2008-08-05 07:48:00,train,0,0,5,False
U0118,2008-08-05 08:50:00,train,0,0,5,False
U0119,2008-08-05 09:48:00,train,0,0,5,False
U0120,2008-08-05 14:17:00,train,0,0,5,False
U0121,2008-08-05 14:45:00,train,0,0,5,False
U0122,2008-08-05 15:45:00,train,0,0,5,False
U0123,2008-08-05 20:04:00,train,0,0,4,False
U0124,2008-08-05 21:07:00,train,0,0,4,False
U0125,2008-08-05 21:22:00,train,0,0,4,False
U0126,2008-08-05 23:02:00,train,0,0,4,False
U0127,2008-08-05 23:06:00,train,0,0,4,False
U0128,2008-08-05 23:38:00,train,0,0,4,False
U0129,2008-08-06 00:04:00,train,0,0,4,False
U0130,2008-08-06 02:20:00,train,0,0,4,False
U0131,2008-08-06 03:22:00,train,0,0,3,False
U0132,2008-08-06 05:40:00,train,1,0,2,False
U0133,2008-08-06 09:56:00,train,0,0,3,False
U0134,2008-08-06 09:57:00,train,0,0,1,False
U0135,2008-08-06 12:33:00,train,0,0,2,False
U0136,2008-08-06 13:35:00,train,0,0,2,False
U0137,2008-08-06 17:35:00,train,0,0,3,False
U0138,2008-08-06 18:00:00,train,0,0,2,False
U0139,2008-08-06 18:34:00,train,0,0,4,False
U0140,2008-08-06 19:13:00,train,0,1,5,True
U0141,2008-08-06 19:24:00,train,0,0,5,False
U0142,2008-08-06 20:00:00,train,0,0,3,False
U0143,2008-08-06 20:17:00,train,0,0,3,False
U0144,2008-08-06 21:15:00,train,0,0,3,False
U0145,2008-08-06 22:27:00,train,0,4,3,True
U0146,2008-08-06 23:40:00,train,0,4,3,True
U0147,2008-08-06 23:45:00,train,0,0,3,False
U0148,2008-08-07 00:51:00,train,0,0,3,False
U0149,2008-08-07 07:30:00,train,0,0,4,False
U0150,2008-08-07 08:21:00,train,0,0,5,False
U0151,2008-08-07 08:45:00,train,0,0,4,False
U0152,2008-08-07 08:55:00,train,0,0,4,False
U0153,2008-08-07 10:12:00,train,0,0,4,False
U0154,2008-08-07 11:10:00,train,0,0,5,False
U0155,2008-08-07 11:40:00,train,1,0,4,False
U0156,2008-08-08 04:55:00,train,0,0,3,False
U0157,2008-08-08 07:26:00,train,0,0,3,False
U0158,2008-08-08 08:44:00,train,1,0,3,False
U0159,2008-08-08 12:37:00,train,1,0,3,False
U0160,2008-08-08 20:21:00,train,0,0,3,False
U0161,2008-08-08 21:22:00,train,0,0,3,False
U0162,2008-08-08 21:53:00,train,0,0,4,False
U0163,2008-08-08 22:06:00,train,0,0,4,False
U0164,2008-08-08 22:25:00,train,0,0,3,False
U0165,2008-08-09 02:15:00,train,0,0,2,False
U0166,2008-08-09 02:37:00,train,0,0,2,False
U0167,2008-08-09 06:05:00,train,0,0,2,False
U0168,2008-08-09 09:16:00,train,1,0,2,False
U0169,2008-08-09 09:22:00,train,0,0,2,False
U0170,2008-08-09 11:42:00,train,1,0,2,False
U0171,2008-08-09 17:34:00,train,0,0,2,False
U0172,2008-08-09 19:03:00,train,0,0,4,False
U0173,2008-08-09 20:04:00,train,0,0,5,False
U0174,2008-08-09 21:07:00,train,0,0,6,False
U0175,2008-08-09 22:15:00,train,0,1,6,True
U0176,2008-08-09 22:37:00,train,0,1,6,True
U0177,2008-08-09 23:17:00,train,0,1,4,True
U0178,2008-08-09 23:34:00,train,0,1,4,True
U0179,2008-08-10 00:09:00,train,0,1,4,True
U0180,2008-08-10 00:46:00,train,0,1,4,True
U0181,2008-08-10 06:00:00,train,1,0,3,False
U0182,2008-08-10 06:41:00,train,0,0,2,False
U0183,2008-08-10 07:01:00,train,1,0,2,False
U0184,2008-08-10 11:16:00,train,0,0,2,False
U0185,2008-08-10 11:49:00,train,0,1,2,True
U0186,2008-08-10 12:22:00,train,0,2,3,True
U0187,2008-08-10 15:59:00,train,1,1,3,True
U0188,2008-08-10 19:07:00,train,0,1,3,True
U0189,2008-08-10 20:07:00,train,1,0,3,False
U0190,2008-08-10 22:26:00,train,1,1,4,True
U0191,2008-08-11 03:06:00,train,0,0,4,False
U0192,2008-08-11 04:09:00,train,0,0,2,False
U0193,2008-08-11 05:15:00,train,0,0,3,False
U0194,2008-08-11 11:35:00,train,0,0,4,False
U0195,2008-08-11 12:38:00,train,0,0,4,False
U0196,2008-08-12 04:23:00,train,0,0,5,False
U0197,2008-08-12 06:16:00,train,0,4,3,True
U0198,2008-08-12 10:54:00,train,0,5,3,True
U0199,2008-08-12 11:29:00,train,0,1,3,True
U0200,2008-08-12 12:04:00,train,0,0,3,False
U0201,2008-08-13 02:48:00,train,0,0,2,False
U0202,2008-08-15 03:26:00,train,0,0,3,False
U0203,2008-08-15 04:14:00,train,0,0,2,False
U0204,2008-08-15 05:13:00,train,0,0,2,False
U0205,2008-08-15 09:38:00,train,0,0,1,False
U0206,2008-08-15 10:14:00,train,0,0,1,False
U0207,2008-08-15 11:42:00,train,0,0,1,False
U0208,2008-08-15 18:19:00,train,0,0,1,False
U0209,2008-08-15 19:19:00,train,0,0,1,False
U0210,2008-08-15 20:00:00,train,0,0,2,False
U0211,2008-08-15 20:03:00,train,0,0,2,False
U0212,2008-08-15 23:31:00,train,0,0,2,False
U0213,2008-08-16 02:21:00,train,0,0,2,False
U0214,2008-08-16 05:47:00,train,0,0,3,False
U0215,2008-08-16 06:52:00,train,0,1,4,True
U0216,2008-08-16 07:33:00,train,0,0,4,False
U0217,2008-08-16 08:39:00,train,0,0,3,False
U0218,2008-08-16 08:41:00,train,0,0,3,False
U0219,2008-08-16 09:44:00,train,1,0,3,False
U0220,2008-08-16 13:51:00,train,0,1,3,True
U0221,2008-08-16 14:30:00,train,0,3,3,True
U0222,2008-08-16 15:16:00,train,0,3,4,True
U0223,2008-08-16 15:19:00,train,1,1,3,True
U0224,2008-08-16 23:48:00,train,0,0,3,False
U0225,2008-08-17 00:52:00,train,0,0,3,False
U0226,2008-08-17 01:53:00,train,0,0,3,False
U0227,2008-08-17 03:17:00,train,0,0,3,False
U0228,2008-08-17 03:18:00,train,0,0,2,False
U0229,2008-08-17 03:46:00,train,0,0,2,False
U0230,2008-08-17 04:19:00,train,0,0,2,False
U0231,2008-08-17 05:21:00,train,0,0,2,False
U0232,2008-08-17 12:16:00,train,1,0,2,False
U0233,2008-08-17 13:34:00,train,0,0,2,False
U0234,2008-08-17 14:21:00,train,0,1,2,True
U0235,2008-08-17 15:25:00,train,0,1,1,True
U0236,2008-08-17 21:26:00,train,1,1,2,True
U0237,2008-08-17 22:03:00,train,1,0,1,False
U0238,2008-08-17 22:21:00,train,0,0,3,False
U0239,2008-08-17 23:04:00,train,1,0,3,False
U0240,2008-08-17 23:20:00,train,0,0,2,False
U0241,2008-08-17 23:55:00,train,1,0,3,False
U0242,2008-08-18 00:02:00,train,1,0,3,False
U0243,2008-08-18 00:20:00,train,0,0,1,False
U0244,2008-08-18 01:23:00,train,1,0,1,False
U0245,2008-08-18 04:01:00,train,1,0,0,False
U0246,2008-08-18 04:12:00,train,0,0,1,False
U0247,2008-08-18 04:35:00,train,0,0,0,False
U0248,2008-08-18 05:03:00,train,0,0,1,False
U0249,2008-08-18 05:25:00,train,0,0,2,False
U0250,2008-08-18 06:07:00,train,0,0,2,False
U0251,2008-08-18 06:11:00,train,0,0,2,False
U0252,2008-08-18 06:26:00,train,0,0,2,False
U0253,2008-08-18 07:11:00,train,0,0,2,False
U0254,2008-08-18 07:23:00,train,0,0,2,False
U0255,2008-08-18 07:29:00,train,0,0,1,False
U0256,2008-08-18 08:18:00,train,0,0,1,False
U0257,2008-08-18 08:31:00,train,0,0,1,False
U0258,2008-08-18 10:13:00,train,0,0,2,False
U0259,2008-08-18 11:04:00,train,0,0,1,False
U0260,2008-08-18 12:00:00,train,0,0,1,False
U0261,2008-08-18 12:06:00,train,0,0,1,False
U0262,2008-08-18 12:22:00,train,0,0,1,False
U0263,2008-08-18 12:49:00,train,0,0,1,False
U0264,2008-08-18 13:07:00,train,0,0,1,False
U0265,2008-08-18 14:01:00,train,0,0,1,False
U0266,2008-08-18 14:04:00,train,0,0,2,False
U0267,2008-08-18 14:45:00,train,0,0,1,False
U0268,2008-08-18 15:00:00,train,0,0,2,False
U0269,2008-08-18 15:26:00,train,0,0,3,False
U0270,2008-08-18 15:30:00,train,0,0,2,False
U0271,2008-08-18 15:33:00,train,0,0,2,False
U0272,2008-08-18 15:41:00,train,0,0,2,False
U0273,2008-08-18 16:19:00,train,0,0,1,False
U0274,2008-08-18 17:13:00,train,1,0,1,False
U0275,2008-08-18 17:16:00,train,0,0,3,False
U0276,2008-08-18 17:37:00,train,0,0,3,False
U0277,2008-08-18 19:24:00,train,0,0,1,False
U0278,2008-08-18 19:54:00,train,1,0,2,False
U0279,2008-08-18 23:00:00,train,0,0,0,False
U0280,2008-08-18 23:03:00,train,0,0,1,False
U0281,2008-08-18 23:47:00,train,0,0,1,False
U0282,2008-08-19 01:10:00,train,0,0,1,False
U0283,2008-08-19 03:59:00,train,1,0,1,False
U0284,2008-08-19 04:58:00,train,0,0,1,False
U0285,2008-08-19 05:09:00,train,0,0,1,False
U0286,2008-08-19 05:11:00,train,0,0,1,False
U0287,2008-08-19 05:11:00,train,0,0,1,False
U0288,2008-08-19 05:40:00,train,0,0,1,False
U0289,2008-08-19 05:41:00,train,0,0,1,False
U0290,2008-08-19 05:53:00,train,0,0,1,False
U0291,2008-08-19 05:54:00,train,0,0,2,False
U0292,2008-08-19 05:56:00,train,1,0,2,False
U0293,2008-08-19 06:24:00,train,0,0,1,False
U0294,2008-08-19 07:43:00,train,0,0,0,False
U0295,2008-08-19 07:58:00,train,1,0,2,False
U0296,2008-08-19 08:01:00,train,0,0,2,False
U0297,2008-08-19 08:07:00,train,0,0,1,False
U0298,2008-08-19 08:33:00,train,0,1,0,True
U0299,2008-08-19 09:04:00,train,0,0,0,False
U0300,2008-08-19 09:05:00,train,0,0,0,False
U0301,2008-08-19 10:46:00,train,0,0,0,False
U0302,2008-08-19 11:11:00,train,0,1,0,True
U0303,2008-08-19 11:13:00,train,0,1,1,True
U0304,2008-08-19 11:13:00,train,0,1,2,True
U0305,2008-08-19 11:28:00,train,0,1,3,True
U0306,2008-08-19 11:44:00,train,0,1,2,True
U0307,2008-08-19 11:46:00,train,0,1,2,True
U0308,2008-08-19 11:57:00,train,0,1,1,True
U0309,2008-08-19 11:58:00,train,0,1,2,True
U0310,2008-08-19 12:30:00,train,0,1,2,True
U0311,2008-08-19 15:33:00,train,0,0,1,False
U0312,2008-08-19 18:12:00,train,0,0,1,False
U0313,2008-08-19 18:12:00,train,0,0,1,False
U0314,2008-08-19 18:30:00,train,0,0,1,False
U0315,2008-08-19 18:30:00,train,0,0,1,False
U0316,2008-08-19 19:38:00,train,0,0,2,False
U0317,2008-08-19 20:53:00,train,0,0,1,False
U0318,2008-08-20 00:05:00,train,0,0,1,False
U0319,2008-08-20 01:33:00,train,0,0,0,False
U0320,2008-08-20 01:42:00,train,0,0,0,False
U0321,2008-08-20 02:13:00,train,0,0,0,False
U0322,2008-08-20 02:27:00,train,1,0,1,False
U0323,2008-08-20 03:00:00,train,0,0,2,False
U0324,2008-08-20 03:12:00,train,1,0,3,False
U0325,2008-08-20 06:36:00,train,0,0,3,False
U0326,2008-08-20 07:12:00,train,0,0,2,False
U0327,2008-08-20 08:40:00,train,1,0,1,False
U0328,2008-08-20 09:17:00,train,1,1,1,True
U0329,2008-08-20 10:26:00,train,0,0,1,False
U0330,2008-08-20 16:08:00,train,0,0,3,False
U0331,2008-08-20 16:16:00,train,0,0,2,False
U0332,2008-08-20 17:09:00,train,0,0,2,False
U0333,2008-08-20 17:35:00,train,0,0,1,False
U0334,2008-08-20 17:36:00,train,0,0,1,False
U0335,2008-08-20 18:29:00,train,0,0,0,False
U0336,2008-08-20 18:35:00,train,0,0,0,False
U0337,2008-08-20 19:20:00,train,1,0,0,False
U0338,2008-08-20 20:19:00,train,0,0,0,False
U0339,2008-08-20 21:33:00,train,0,0,0,False
U0340,2008-08-20 21:41:00,train,0,0,0,False
U0341,2008-08-20 21:58:00,train,0,0,2,False
U0342,2008-08-20 22:13:00,train,0,0,1,False
U0343,2008-08-20 22:45:00,train,0,0,1,False
U0344,2008-08-20 23:18:00,train,0,0,1,False
U0345,2008-08-20 23:43:00,train,1,0,1,False
U0346,2008-08-21 02:11:00,train,0,0,1,False
U0347,2008-08-21 02:46:00,train,0,0,0,False
U0348,2008-08-21 04:22:00,train,0,0,0,False
U0349,2008-08-21 04:29:00,train,0,0,0,False
U0350,2008-08-21 05:06:00,train,0,0,0,False
U0351,2008-08-21 05:15:00,train,0,0,0,False
U0352,2008-08-21 06:10:00,train,1,0,0,False
U0353,2008-08-21 11:22:00,train,0,0,0,False
U0354,2008-08-21 12:00:00,train,0,0,1,False
U0355,2008-08-21 12:31:00,train,0,0,1,False
U0356,2008-08-21 12:33:00,train,0,0,0,False
U0357,2008-08-21 12:43:00,train,0,0,1,False
U0358,2008-08-21 12:52:00,train,0,1,1,True
U0359,2008-08-21 13:11:00,train,0,1,0,True
U0360,2008-08-21 13:19:00,train,0,0,0,False
U0361,2008-08-21 13:29:00,train,0,0,1,False
U0362,2008-08-21 13:45:00,train,0,0,0,False
U0363,2008-08-21 14:47:00,train,0,0,0,False
U0364,2008-08-21 15:05:00,train,0,0,1,False
U0365,2008-08-21 15:06:00,train,0,0,1,False
U0366,2008-08-21 15:32:00,train,0,0,1,False
U0367,2008-08-21 15:48:00,train,0,0,0,False
U0368,2008-08-21 15:50:00,train,0,0,0,False
U0369,2008-08-21 16:19:00,train,1,0,0,False
U0370,2008-08-21 16:36:00,train,0,0,0,False
U0371,2008-08-21 17:25:00,train,0,0,0,False
U0372,2008-08-21 17:44:00,train,0,0,0,False
U0373,2008-08-21 18:04:00,train,0,0,0,False
U0374,2008-08-21 18:05:00,train,1,0,0,False
U0375,2008-08-21 18:39:00,train,0,0,0,False
U0376,2008-08-21 18:53:00,train,0,0,0,False
U0377,2008-08-21 19:12:00,train,0,0,0,False
U0378,2008-08-21 19:12:00,train,0,0,0,False
U0379,2008-08-21 19:46:00,train,0,0,0,False
U0380,2008-08-21 20:19:00,train,0,0,0,False
U0381,2008-08-21 20:21:00,train,0,0,0,False
U0382,2008-08-21 20:37:00,train,0,0,0,False
U0383,2008-08-21 21:32:00,train,0,0,0,False
U0384,2008-08-21 22:25:00,train,0,0,0,False
U0385,2008-08-21 22:41:00,train,0,0,0,False
U0386,2008-08-21 23:08:00,train,0,0,0,False
U0387,2008-08-21 23:27:00,train,0,0,0,False
U0388,2008-08-21 23:53:00,train,0,0,0,False
U0389,2008-08-21 23:57:00,train,0,0,0,False
U0390,2008-08-22 00:43:00,train,0,0,0,False
U0391,2008-08-22 00:44:00,train,0,0,2,False
U0392,2008-08-22 00:47:00,train,0,0,2,False
U0393,2008-08-22 01:04:00,train,1,0,1,False
U0394,2008-08-22 01:26:00,train,0,0,1,False
U0395,2008-08-22 01:27:00,train,0,0,1,False
U0396,2008-08-22 01:54:00,train,0,0,1,False
U0397,2008-08-22 02:01:00,train,0,0,2,False
U0398,2008-08-22 02:25:00,train,0,0,1,False
U0399,2008-08-22 02:52:00,train,0,0,1,False
U0400,2008-08-22 03:18:00,train,0,0,1,False
U0401,2008-08-22 03:58:00,train,0,0,1,False
U0402,2008-08-22 04:40:00,train,0,0,1,False
U0403,2008-08-22 04:57:00,train,0,0,1,False
U0404,2008-08-22 05:21:00,train,0,0,2,False
U0405,2008-08-22 05:31:00,train,0,0,3,False
U0406,2008-08-22 05:32:00,train,0,0,2,False
U0407,2008-08-22 06:00:00,train,1,0,2,False
U0408,2008-08-22 07:04:00,train,0,0,2,False
U0409,2008-08-22 07:17:00,train,0,0,3,False
U0410,2008-08-22 07:27:00,train,0,0,1,False
U0411,2008-08-22 09:29:00,train,0,0,1,False
U0412,2008-08-22 09:29:00,train,0,0,0,False
U0413,2008-08-22 10:01:00,train,0,0,0,False
U0414,2008-08-22 10:18:00,train,0,0,0,False
U0415,2008-08-22 10:47:00,train,0,0,0,False
U0416,2008-08-22 11:32:00,train,0,0,0,False
U0417,2008-08-22 12:13:00,train,0,1,0,True
U0418,2008-08-22 12:37:00,train,0,0,0,False
U0419,2008-08-22 12:42:00,train,0,0,0,False
U0420,2008-08-22 13:22:00,train,0,0,0,False
U0421,2008-08-22 14:45:00,train,0,0,0,False
U0422,2008-08-22 15:25:00,train,0,1,0,True
U0423,2008-08-22 15:39:00,train,0,0,0,False
U0424,2008-08-22 15:54:00,train,0,0,0,False
U0425,2008-08-22 19:14:00,train,1,0,0,False
U0426,2008-08-22 23:46:00,train,0,0,0,False
U0427,2008-08-22 23:47:00,train,0,0,0,False
U0428,2008-08-22 23:49:00,train,0,0,0,False
U0429,2008-08-22 23:56:00,train,0,0,0,False
U0430,2008-08-23 02:04:00,train,0,0,0,False
U0431,2008-08-23 03:26:00,train,0,0,0,False
U0432,2008-08-23 04:50:00,train,0,0,1,False
U0433,2008-08-23 04:52:00,train,0,0,1,False
U0434,2008-08-23 05:57:00,train,0,0,1,False
U0435,2008-08-23 05:57:00,train,0,0,1,False
U0436,2008-08-23 05:58:00,train,0,0,2,False
U0437,2008-08-23 05:58:00,train,0,0,1,False
U0438,2008-08-23 09:24:00,train,0,0,1,False
U0439,2008-08-23 12:58:00,train,0,1,0,True
U0440,2008-08-23 13:02:00,train,0,1,0,True
U0441,2008-08-23 15:10:00,train,0,1,1,True
U0442,2008-08-23 15:29:00,train,1,1,1,True
U0443,2008-08-24 02:32:00,train,0,1,1,True
U0444,2008-08-24 04:00:00,train,0,0,0,False
U0445,2008-08-24 07:12:00,train,0,0,1,False
U0446,2008-08-24 07:14:00,train,0,0,1,False
U0447,2008-08-24 10:09:00,train,0,0,1,False
U0448,2008-08-24 10:14:00,train,0,0,1,False
U0449,2008-08-24 13:03:00,train,1,0,1,False
U0450,2008-08-25 09:29:00,train,0,0,2,False
U0451,2008-08-27 00:46:00,train,0,0,0,False
U0452,2008-08-27 11:38:00,train,0,0,0,False
U0453,2008-08-27 12:22:00,train,0,0,1,False
U0454,2008-08-27 13:35:00,train,0,0,1,False
U0455,2008-08-27 14:18:00,train,0,0,1,False
U0456,2008-08-27 17:14:00,train,0,0,0,False
U0457,2008-08-27 22:48:00,train,0,0,0,False
U0458,2008-08-27 22:58:00,train,0,1,0,True
U0459,2008-08-28 03:03:00,train,0,0,0,False
U0460,2008-08-28 03:04:00,train,0,0,0,False
U0461,2008-08-28 03:29:00,train,0,0,0,False
U0462,2008-08-28 03:38:00,train,0,0,0,False
U0463,2008-08-28 03:45:00,train,0,0,1,False
U0464,2008-08-28 04:10:00,train,0,0,1,False
U0465,2008-08-28 04:20:00,train,0,0,1,False
U0466,2008-08-28 04:54:00,train,0,0,0,False
U0467,2008-08-28 05:00:00,train,0,0,0,False
U0468,2008-08-28 06:15:00,train,0,0,0,False
U0469,2008-08-28 06:39:00,train,0,0,0,False
U0470,2008-08-28 06:56:00,train,0,0,1,False
U0471,2008-08-28 07:40:00,train,0,0,1,False
U0472,2008-08-28 07:51:00,train,0,0,1,False
U0473,2008-08-28 08:41:00,train,0,0,2,False
U0474,2008-08-28 09:46:00,train,0,0,0,False
U0475,2008-08-28 09:49:00,train,0,0,0,False
U0476,2008-08-28 10:15:00,train,0,0,0,False
U0477,2008-08-28 10:28:00,train,0,0,1,False
U0478,2008-08-28 10:32:00,train,0,0,0,False
U0479,2008-08-28 11:19:00,train,0,0,0,False
U0480,2008-08-28 12:44:00,train,0,0,0,False
U0481,2008-08-28 14:48:00,train,0,0,0,False
U0482,2008-08-28 15:19:00,train,0,0,0,False
U0483,2008-08-28 16:01:00,train,0,0,1,False
U0484,2008-08-28 16:43:00,train,0,0,1,False
U0485,2008-08-28 16:52:00,train,0,0,0,False
U0486,2008-08-28 17:21:00,train,0,0,0,False
U0487,2008-08-28 17:27:00,train,0,0,0,False
U0488,2008-08-28 17:32:00,train,0,0,0,False
U0489,2008-08-28 18:05:00,train,0,0,0,False
U0490,2008-08-28 18:10:00,train,0,0,0,False
U0491,2008-08-28 18:15:00,train,0,0,0,False
U0492,2008-08-28 18:25:00,train,0,0,0,False
U0493,2008-08-28 18:47:00,train,0,0,0,False
U0494,2008-08-28 18:57:00,train,0,0,0,False
U0495,2008-08-28 20:20:00,train,0,0,0,False
U0496,2008-08-28 20:39:00,train,1,0,0,False
U0497,2008-08-28 21:03:00,train,0,0,0,False
U0498,2008-08-28 21:52:00,train,0,0,1,False
U0499,2008-08-28 22:57:00,train,0,0,1,False
U0500,2008-08-28 23:40:00,train,0,0,0,False
U0501,2008-08-28 23:42:00,train,0,0,0,False
U0502,2008-08-29 00:49:00,train,0,0,0,False
U0503,2008-08-29 01:06:00,train,0,0,0,False
U0504,2008-08-29 02:38:00,train,0,0,0,False
U0505,2008-08-29 02:39:00,train,0,0,0,False
U0506,2008-08-29 03:27:00,train,0,0,0,False
U0507,2008-08-29 03:33:00,train,0,0,0,False
U0508,2008-08-29 03:46:00,train,0,0,0,False
U0509,2008-08-29 04:55:00,train,1,0,0,False
U0510,2008-08-29 04:56:00,train,0,0,0,False
U0511,2008-08-29 05:16:00,train,0,0,0,False
U0512,2008-08-29 05:54:00,train,0,0,0,False
U0513,2008-08-29 05:54:00,train,0,0,0,False
U0515,2008-08-29 05:57:00,train,0,0,0,False
U0514,2008-08-29 05:57:00,train,0,1,0,True
U0516,2008-08-29 06:35:00,train,0,0,0,False
U0517,2008-08-29 06:37:00,train,0,0,0,False
U0518,2008-08-29 06:40:00,train,0,0,0,False
U0519,2008-08-29 06:45:00,train,1,0,0,False
U0520,2008-08-29 06:54:00,train,0,0,0,False
U0521,2008-08-29 07:18:00,train,0,0,0,False
U0522,2008-08-29 07:22:00,train,0,0,0,False
U0523,2008-08-29 07:24:00,train,0,0,0,False
U0524,2008-08-29 07:33:00,train,0,0,0,False
U0525,2008-08-29 07:33:00,train,0,0,0,False
U0526,2008-08-29 08:10:00,train,0,0,0,False
U0527,2008-08-29 08:20:00,train,0,1,0,True
U0528,2008-08-29 08:41:00,train,0,1,0,True
U0529,2008-08-29 08:45:00,train,0,0,0,False
U0530,2008-08-29 12:21:00,train,0,0,0,False
U0531,2008-08-29 12:22:00,train,0,0,0,False
U0532,2008-08-29 12:37:00,train,0,0,0,False
U0533,2008-08-29 13:04:00,train,0,0,0,False
U0534,2008-08-29 13:14:00,train,0,0,0,False
U0535,2008-08-29 13:27:00,train,0,0,0,False
U0536,2008-08-29 13:49:00,train,0,0,0,False
U0537,2008-08-29 14:11:00,train,0,0,1,False
U0538,2008-08-29 14:18:00,train,0,0,1,False
U0539,2008-08-29 14:30:00,train,0,0,0,False
U0540,2008-08-29 15:01:00,train,0,0,0,False
U0541,2008-08-29 15:43:00,train,0,0,0,False
U0542,2008-08-29 16:26:00,train,0,0,0,False
U0543,2008-08-29 20:21:00,train,0,0,0,False
U0544,2008-08-29 20:49:00,train,0,0,0,False
U0545,2008-08-29 21:25:00,train,0,0,0,False
U0546,2008-08-29 21:46:00,train,0,0,0,False
U0547,2008-08-29 21:54:00,train,0,0,0,False
U0548,2008-08-29 22:11:00,train,0,0,0,False
U0549,2008-08-29 22:45:00,train,0,0,0,False
U0550,2008-08-29 22:49:00,train,0,0,0,False
U0551,2008-08-29 22:56:00,train,0,0,0,False
U0552,2008-08-30 00:01:00,train,0,0,0,False
U0553,2008-08-30 00:05:00,train,0,0,0,False
U0554,2008-08-30 00:57:00,train,0,0,0,False
U0555,2008-08-30 01:29:00,train,0,0,0,False
U0556,2008-08-30 02:08:00,train,0,0,0,False
U0557,2008-08-30 02:22:00,train,0,0,0,False
U0558,2008-08-30 02:32:00,train,0,0,0,False
U0559,2008-08-30 02:39:00,train,0,0,0,False
U0560,2008-08-30 02:50:00,train,0,0,0,False
U0561,2008-08-30 03:10:00,train,0,0,1,False
U0562,2008-08-30 04:20:00,train,0,0,0,False
U0563,2008-08-30 04:24:00,train,0,0,0,False
U0564,2008-08-30 04:55:00,train,0,0,0,False
U0565,2008-08-30 05:05:00,train,0,0,0,False
U0566,2008-08-30 05:05:00,train,0,0,0,False
U0567,2008-08-30 05:38:00,train,0,0,0,False
U0568,2008-08-30 05:51:00,train,0,0,1,False
U0569,2008-08-30 07:50:00,train,0,0,0,False
U0570,2008-08-30 07:54:00,train,0,0,0,False
U0571,2008-08-30 08:10:00,train,0,0,0,False
U0572,2008-08-30 08:29:00,train,0,0,0,False
U0573,2008-08-30 08:42:00,train,0,0,0,False
U0574,2008-08-30 08:53:00,train,0,0,0,False
U0575,2008-08-30 09:13:00,train,0,0,0,False
U0576,2008-08-30 09:37:00,train,0,0,0,False
U0577,2008-08-30 09:45:00,train,1,0,0,False
U0578,2008-08-30 10:15:00,train,0,0,0,False
U0579,2008-08-30 10:16:00,train,0,0,0,False
U0580,2008-08-30 11:12:00,train,0,0,0,False
U0581,2008-08-30 11:14:00,train,0,1,0,True
U0582,2008-08-30 11:18:00,train,0,0,0,False
U0583,2008-08-30 11:57:00,train,0,0,0,False
U0584,2008-08-30 14:10:00,train,1,0,0,False
U0585,2008-08-30 14:23:00,train,0,0,0,False
U0586,2008-08-30 14:37:00,train,0,0,0,False
U0587,2008-08-30 15:06:00,train,0,0,0,False
U0588,2008-08-30 15:16:00,train,0,0,0,False
U0589,2008-08-30 15:37:00,train,0,0,0,False
U0590,2008-08-30 15:50:00,train,0,0,0,False
U0591,2008-08-30 15:57:00,train,0,0,0,False
U0592,2008-08-30 16:24:00,train,0,0,0,False
U0593,2008-08-30 17:05:00,train,0,0,0,False
U0594,2008-08-30 17:49:00,train,0,0,0,False
U0595,2008-08-30 19:21:00,train,0,0,0,False
U0596,2008-08-30 19:27:00,train,0,1,1,True
U0597,2008-08-30 20:11:00,train,0,0,1,False
U0598,2008-08-30 20:53:00,train,0,0,0,False
U0599,2008-08-30 21:53:00,train,0,0,0,False
U0600,2008-08-30 23:51:00,train,0,0,0,False
U0601,2008-08-31 02:57:00,train,0,0,0,False
U0602,2008-08-31 04:46:00,train,1,0,0,False
U0603,2008-08-31 05:05:00,train,0,0,0,False
U0604,2008-08-31 09:11:00,train,0,0,0,False
U0605,2008-08-31 10:36:00,train,0,0,0,False
U0606,2008-08-31 10:59:00,train,1,0,0,False
U0607,2008-08-31 10:59:00,train,0,0,0,False
U0608,2008-08-31 11:03:00,train,0,0,0,False
U0609,2008-08-31 15:09:00,train,0,0,1,False
U0610,2008-08-31 15:13:00,train,0,0,0,False
U0611,2008-08-31 16:32:00,train,0,0,0,False
U0612,2008-08-31 20:24:00,train,0,0,1,False
U0613,2008-08-31 21:04:00,train,0,0,0,False
U0614,2008-08-31 21:46:00,train,0,0,0,False
U0615,2008-08-31 21:58:00,train,0,0,0,False
U0616,2008-08-31 22:32:00,train,0,0,0,False
U0617,2008-08-31 22:48:00,train,0,0,0,False
U0618,2008-08-31 22:57:00,train,0,0,0,False
U0619,2008-09-01 00:01:00,train,0,0,0,False
U0620,2008-09-01 00:39:00,train,0,0,0,False
U0621,2008-09-01 00:45:00,train,0,0,0,False
U0622,2008-09-01 00:53:00,train,0,0,0,False
U0623,2008-09-01 05:29:00,train,0,0,0,False
U0624,2008-09-01 05:32:00,train,0,0,0,False
U0625,2008-09-01 06:12:00,train,0,0,0,False
U0626,2008-09-01 06:21:00,train,0,0,0,False
U0627,2008-09-01 06:52:00,train,0,0,0,False
U0628,2008-09-01 08:18:00,train,0,0,0,False
U0629,2008-09-01 09:06:00,train,0,0,0,False
U0630,2008-09-01 09:19:00,train,0,0,0,False
U0631,2008-09-01 09:54:00,train,0,0,1,False
U0632,2008-09-01 10:57:00,train,0,0,0,False
U0633,2008-09-01 11:40:00,train,0,0,0,False
U0634,2008-09-01 16:20:00,train,0,0,1,False
U0635,2008-09-01 19:54:00,train,1,0,1,False
U0636,2008-09-01 20:51:00,train,0,0,1,False
U0637,2008-09-01 22:05:00,train,0,0,1,False
U0638,2008-09-01 23:05:00,train,0,0,1,False
U0639,2008-09-01 23:19:00,train,0,0,1,False
U0640,2008-09-01 23:24:00,train,0,0,1,False
U0641,2008-09-01 23:28:00,train,0,0,1,False
U0642,2008-09-01 23:39:00,train,0,0,0,False
U0643,2008-09-01 23:45:00,train,0,0,0,False
U0644,2008-09-01 23:59:00,train,0,0,0,False
U0645,2008-09-02 00:26:00,train,0,0,0,False
U0646,2008-09-02 00:31:00,train,0,0,0,False
U0647,2008-09-02 00:46:00,train,0,0,0,False
U0648,2008-09-02 01:09:00,train,0,0,0,False
U0650,2008-09-02 01:10:00,train,0,0,0,False
U0649,2008-09-02 01:10:00,train,0,0,0,False
U0651,2008-09-02 01:36:00,train,0,0,0,False
U0652,2008-09-02 01:50:00,train,0,0,0,False
U0653,2008-09-02 02:02:00,train,0,0,0,False
U0654,2008-09-02 02:11:00,train,0,0,0,False
U0655,2008-09-02 02:50:00,train,0,0,0,False
U0656,2008-09-02 02:52:00,train,0,0,0,False
U0657,2008-09-02 03:33:00,train,0,0,0,False
U0658,2008-09-02 03:35:00,train,0,0,0,False
U0659,2008-09-02 03:35:00,train,0,0,0,False
U0660,2008-09-02 04:19:00,train,0,0,0,False
U0661,2008-09-02 04:22:00,train,0,1,0,True
U0662,2008-09-02 05:46:00,train,0,1,1,True
U0663,2008-09-02 06:03:00,train,0,1,1,True
U0664,2008-09-02 06:19:00,train,0,0,3,False
U0665,2008-09-02 06:32:00,train,0,0,1,False
U0666,2008-09-02 06:48:00,train,0,0,1,False
U0667,2008-09-02 07:22:00,train,0,0,1,False
U0668,2008-09-02 07:32:00,train,0,5,0,True
U0669,2008-09-02 08:15:00,train,0,0,0,False
U0670,2008-09-02 08:54:00,train,0,0,0,False
U0671,2008-09-02 09:36:00,train,0,0,0,False
U0672,2008-09-02 09:37:00,train,0,0,0,False
U0673,2008-09-02 10:13:00,train,0,0,0,False
U0674,2008-09-02 10:21:00,train,0,0,0,False
U0675,2008-09-02 10:25:00,train,0,0,0,False
U0676,2008-09-02 10:33:00,train,0,0,0,False
U0677,2008-09-02 11:08:00,train,0,0,0,False
U0678,2008-09-02 11:22:00,train,0,0,0,False
U0679,2008-09-02 11:47:00,train,0,0,0,False
U0680,2008-09-02 11:49:00,train,0,0,0,False
U0681,2008-09-02 12:01:00,train,0,0,0,False
U0682,2008-09-02 12:17:00,train,0,0,0,False
U0683,2008-09-02 12:26:00,train,0,0,0,False
U0684,2008-09-02 12:30:00,train,0,0,0,False
U0685,2008-09-02 12:44:00,train,0,0,0,False
U0686,2008-09-02 13:05:00,train,0,0,0,False
U0687,2008-09-02 13:08:00,train,0,0,0,False
U0688,2008-09-02 13:27:00,train,0,0,0,False
U0689,2008-09-02 13:40:00,train,0,0,0,False
U0690,2008-09-02 14:09:00,train,0,1,0,True
U0691,2008-09-02 14:21:00,train,0,0,1,False
U0692,2008-09-02 14:34:00,train,0,0,1,False
U0693,2008-09-02 15:29:00,train,0,0,1,False
U0694,2008-09-02 16:10:00,train,0,0,0,False
U0695,2008-09-02 16:50:00,train,0,0,0,False
U0696,2008-09-02 16:54:00,train,0,0,0,False
U0697,2008-09-02 16:58:00,train,0,0,0,False
U0698,2008-09-02 17:10:00,train,0,0,0,False
U0699,2008-09-02 17:18:00,train,0,0,0,False
U0700,2008-09-02 18:38:00,train,0,0,0,False
U0701,2008-09-02 18:52:00,train,0,0,0,False
U0702,2008-09-02 19:18:00,train,0,0,0,False
U0703,2008-09-02 20:18:00,train,0,0,0,False
U0704,2008-09-02 20:52:00,train,0,0,0,False
U0705,2008-09-02 20:58:00,train,0,0,0,False
U0706,2008-09-02 20:59:00,train,0,0,0,False
U0707,2008-09-03 00:18:00,train,0,1,0,True
U0708,2008-09-03 00:45:00,train,0,1,1,True
U0709,2008-09-03 00:58:00,train,0,0,0,False
U0710,2008-09-03 01:15:00,train,1,0,0,False
U0711,2008-09-03 01:32:00,train,0,0,1,False
U0712,2008-09-03 04:18:00,train,0,0,1,False
U0713,2008-09-03 06:26:00,train,0,0,1,False
U0714,2008-09-03 09:38:00,train,0,0,1,False
U0715,2008-09-03 14:24:00,train,0,0,1,False
U0716,2008-09-03 14:29:00,train,0,0,0,False
U0717,2008-09-03 17:22:00,train,0,0,0,False
U0718,2008-09-03 18:16:00,train,0,0,0,False
U0719,2008-09-03 18:16:00,train,0,0,0,False
U0720,2008-09-03 20:00:00,train,0,0,0,False
U0721,2008-09-03 20:10:00,train,0,0,0,False
U0722,2008-09-04 08:01:00,train,0,0,0,False
U0723,2008-09-04 08:22:00,train,0,0,1,False
U0724,2008-09-04 08:33:00,train,0,0,1,False
U0725,2008-09-04 08:41:00,train,0,0,1,False
U0726,2008-09-04 08:53:00,train,0,0,0,False
U0727,2008-09-04 11:50:00,train,0,0,0,False
U0728,2008-09-04 14:09:00,train,0,0,0,False
U0729,2008-09-04 14:11:00,train,0,0,1,False
U0730,2008-09-04 14:48:00,train,0,0,1,False
U0731,2008-09-04 16:30:00,train,0,0,1,False
U0732,2008-09-04 16:41:00,train,0,0,1,False
U0733,2008-09-04 16:56:00,train,0,0,1,False
U0734,2008-09-04 17:30:00,train,0,0,1,False
U0735,2008-09-05 15:30:00,train,0,0,1,False
U0736,2008-09-05 21:48:00,train,0,0,1,False
U0737,2008-09-07 00:08:00,train,0,0,1,False
U0738,2008-09-07 00:12:00,train,0,0,1,False
U0739,2008-09-07 00:49:00,train,0,0,3,False
U0740,2008-09-07 10:52:00,train,0,0,2,False
U0741,2008-09-07 12:04:00,train,0,0,2,False
U0742,2008-09-07 12:20:00,train,0,0,1,False
U0743,2008-09-07 13:02:00,train,0,0,1,False
U0744,2008-09-07 18:02:00,train,0,0,2,False
U0745,2008-09-07 18:24:00,train,0,0,2,False
U0746,2008-09-07 18:49:00,train,0,0,2,False
U0747,2008-09-07 19:29:00,train,0,0,2,False
U0748,2008-09-07 19:31:00,train,0,0,1,False
U0749,2008-09-07 20:12:00,train,0,0,1,False
U0750,2008-09-07 20:50:00,train,0,0,1,False
U0751,2008-09-07 23:33:00,train,0,0,1,False
U0752,2008-09-08 00:32:00,train,0,0,1,False
U0753,2008-09-08 00:40:00,train,0,0,1,False
U0754,2008-09-08 01:24:00,train,0,0,1,False
U0755,2008-09-08 03:32:00,train,0,0,1,False
U0756,2008-09-08 03:48:00,train,0,0,1,False
U0757,2008-09-08 04:21:00,train,0,0,1,False
U0758,2008-09-08 06:37:00,train,0,0,1,False
U0759,2008-09-08 07:14:00,train,0,0,1,False
U0760,2008-09-08 07:41:00,train,0,0,1,False
U0761,2008-09-08 18:46:00,train,0,0,1,False
U0762,2008-09-08 19:14:00,train,0,0,2,False
U0763,2008-09-08 19:15:00,train,0,0,2,False
U0764,2008-09-08 19:25:00,train,0,0,3,False
U0765,2008-09-08 19:33:00,train,0,1,3,True
U0766,2008-09-08 20:00:00,train,0,1,2,True
U0767,2008-09-08 21:36:00,train,0,0,3,False
U0768,2008-09-08 21:53:00,train,0,0,2,False
U0769,2008-09-08 22:17:00,train,0,0,3,False
U0770,2008-09-09 00:25:00,train,0,0,2,False
U0771,2008-09-09 03:53:00,train,0,0,3,False
U0772,2008-09-09 08:44:00,train,0,0,2,False
U0773,2008-09-10 07:26:00,train,0,0,1,False
U0774,2008-09-10 09:21:00,train,0,0,1,False
U0775,2008-09-10 20:52:00,train,0,0,1,False
U0776,2008-09-10 20:53:00,train,0,0,1,False
U0777,2008-09-10 21:56:00,train,0,0,1,False
U0778,2008-09-10 23:30:00,train,0,0,1,False
U0779,2008-09-10 23:43:00,train,0,0,1,False
U0780,2008-09-11 00:17:00,train,0,0,2,False
U0781,2008-09-11 05:20:00,train,0,0,1,False
U0782,2008-09-11 06:04:00,train,0,0,1,False
U0783,2008-09-11 07:43:00,train,0,0,1,False
U0784,2008-09-11 08:06:00,train,0,0,2,False
U0785,2008-09-11 08:58:00,train,0,0,1,False
U0786,2008-09-11 09:24:00,train,0,0,1,False
U0787,2008-09-11 12:47:00,train,0,0,2,False
U0788,2008-09-11 13:36:00,train,0,0,1,False
U0789,2008-09-11 14:20:00,train,0,0,0,False
U0790,2008-09-11 14:24:00,train,0,0,0,False
U0791,2008-09-11 14:31:00,train,0,0,0,False
U0792,2008-09-11 15:05:00,train,0,0,0,False
U0793,2008-09-11 15:08:00,train,0,0,2,False
U0794,2008-09-11 16:28:00,train,0,0,2,False
U0795,2008-09-11 21:13:00,train,0,0,1,False
U0796,2008-09-11 22:07:00,train,1,0,1,False
U0797,2008-09-11 23:10:00,train,0,0,0,False
U0798,2008-09-11 23:48:00,train,1,0,0,False
U0799,2008-09-12 05:11:00,train,0,0,0,False
U0800,2008-09-12 05:55:00,train,0,0,0,False
U0801,2008-09-12 06:38:00,train,0,0,0,False
U0802,2008-09-12 06:41:00,train,0,0,1,False
U0803,2008-09-12 06:45:00,train,0,1,1,True
U0804,2008-09-12 07:21:00,train,0,0,1,False
U0805,2008-09-12 07:29:00,train,0,0,2,False
U0806,2008-09-12 07:38:00,train,0,0,1,False
U0807,2008-09-12 11:57:00,train,0,0,1,False
U0808,2008-09-12 13:08:00,train,0,0,1,False
U0809,2008-09-12 14:52:00,train,0,0,3,False
U0810,2008-09-12 15:40:00,train,0,0,2,False
U0811,2008-09-12 16:23:00,train,0,0,3,False
U0812,2008-09-12 18:01:00,train,0,0,4,False
U0813,2008-09-12 18:52:00,train,0,0,3,False
U0814,2008-09-12 19:36:00,train,0,0,3,False
U0815,2008-09-12 20:28:00,train,0,0,2,False
U0816,2008-09-12 21:12:00,train,0,0,2,False
U0817,2008-09-12 22:25:00,train,0,0,2,False
U0818,2008-09-12 22:45:00,train,0,0,2,False
U0819,2008-09-12 23:28:00,train,0,0,2,False
U0820,2008-09-12 23:40:00,train,0,0,2,False
U0821,2008-09-13 00:25:00,train,0,0,2,False
U0822,2008-09-13 02:57:00,train,0,0,2,False
U0823,2008-09-13 03:14:00,train,0,0,2,False
U0824,2008-09-13 09:19:00,train,0,1,2,True
U0825,2008-09-13 10:55:00,train,0,1,2,True
U0826,2008-09-13 11:42:00,train,0,0,2,False
U0827,2008-09-13 11:56:00,train,1,0,2,False
U0828,2008-09-13 12:48:00,train,0,0,2,False
U0829,2008-09-13 14:07:00,train,0,0,2,False
U0830,2008-09-13 16:04:00,train,0,0,2,False
U0831,2008-09-13 16:04:00,train,0,0,2,False
U0832,2008-09-13 20:06:00,train,1,0,2,False
U0833,2008-09-14 02:50:00,train,0,0,1,False
U0834,2008-09-14 02:59:00,train,0,0,1,False
U0835,2008-09-14 15:02:00,train,0,0,1,False
U0836,2008-09-14 15:46:00,train,0,0,1,False
U0837,2008-09-14 16:34:00,train,0,0,0,False
U0838,2008-09-14 17:40:00,train,0,0,0,False
U0839,2008-09-14 18:27:00,train,0,0,0,False
U0840,2008-09-14 18:27:00,train,0,0,2,False
U0841,2008-09-14 19:13:00,train,0,0,3,False
U0842,2008-09-14 20:00:00,train,0,1,2,True
U0843,2008-09-14 20:43:00,train,0,0,4,False
U0844,2008-09-14 20:45:00,train,0,0,3,False
U0845,2008-09-14 21:31:00,train,0,0,4,False
U0846,2008-09-14 23:00:00,train,0,0,3,False
U0847,2008-09-15 02:04:00,train,0,0,1,False
U0848,2008-09-15 10:03:00,train,0,0,1,False
U0849,2008-09-15 11:40:00,train,0,0,1,False
U0850,2008-09-15 12:27:00,train,0,0,1,False
U0851,2008-09-15 16:10:00,train,0,0,1,False
U0852,2008-09-15 16:59:00,train,0,0,1,False
U0853,2008-09-15 19:54:00,train,0,0,2,False
U0854,2008-09-15 21:56:00,train,0,0,1,False
U0855,2008-09-15 22:13:00,train,0,0,0,False
U0856,2008-09-15 22:45:00,train,0,0,0,False
U0857,2008-09-15 22:54:00,train,0,1,0,True
U0858,2008-09-15 23:37:00,train,0,1,0,True
U0859,2008-09-16 07:39:00,train,0,1,0,True
U0860,2008-09-16 07:48:00,train,0,0,0,False
U0861,2008-09-16 08:50:00,train,0,0,1,False
U0862,2008-09-16 08:52:00,train,0,0,1,False
U0863,2008-09-16 09:37:00,train,0,0,2,False
U0864,2008-09-16 17:07:00,train,0,0,0,False
U0865,2008-09-16 18:09:00,train,0,0,0,False
U0866,2008-09-16 18:23:00,train,0,0,1,False
U0867,2008-09-16 19:34:00,train,0,0,1,False
U0868,2008-09-16 19:45:00,train,0,0,0,False
U0869,2008-09-16 21:21:00,train,0,0,0,False
U0870,2008-09-16 22:45:00,train,0,0,0,False
U0871,2008-09-17 02:01:00,train,0,0,0,False
U0872,2008-09-17 04:23:00,train,1,0,0,False
U0873,2008-09-17 07:14:00,train,0,0,1,False
U0874,2008-09-17 07:28:00,train,0,0,1,False
U0875,2008-09-17 21:52:00,train,0,0,2,False
U0876,2008-09-18 00:57:00,train,0,0,2,False
U0877,2008-09-18 01:40:00,train,0,0,2,False
U0878,2008-09-18 01:43:00,train,0,0,1,False
U0879,2008-09-18 02:01:00,train,0,0,1,False
U0880,2008-09-18 03:58:00,train,0,0,1,False
U0881,2008-09-18 03:58:00,train,0,0,1,False
U0882,2008-09-18 05:44:00,train,0,0,1,False
U0883,2008-09-18 05:58:00,train,0,0,2,False
U0884,2008-09-18 08:04:00,train,0,0,2,False
U0885,2008-09-18 10:48:00,train,0,0,2,False
U0886,2008-09-18 13:48:00,train,0,0,0,False
U0887,2008-09-18 17:22:00,train,0,0,0,False
U0888,2008-09-18 18:12:00,train,0,0,0,False
U0889,2008-09-18 18:56:00,train,0,0,0,False
U0890,2008-09-18 21:12:00,train,0,0,0,False
U0891,2008-09-18 21:56:00,train,0,0,0,False
U0892,2008-09-18 23:00:00,train,0,0,1,False
U0893,2008-09-18 23:05:00,train,0,0,0,False
U0894,2008-09-18 23:44:00,train,0,0,2,False
U0895,2008-09-19 00:30:00,train,0,0,2,False
U0896,2008-09-19 01:57:00,train,0,0,3,False
U0897,2008-09-19 02:44:00,train,0,0,2,False
U0898,2008-09-19 04:42:00,train,0,0,3,False
U0899,2008-09-19 05:33:00,train,0,0,3,False
U0900,2008-09-19 05:57:00,train,0,0,3,False
U0901,2008-09-19 06:01:00,train,0,0,2,False
U0902,2008-09-19 06:44:00,train,0,0,2,False
U0903,2008-09-19 07:14:00,train,0,0,3,False
U0904,2008-09-19 07:18:00,train,0,0,3,False
U0905,2008-09-19 08:08:00,train,0,0,2,False
U0906,2008-09-19 08:52:00,train,0,0,2,False
U0907,2008-09-19 09:12:00,train,0,0,2,False
U0908,2008-09-19 09:47:00,train,0,0,3,False
U0909,2008-09-19 10:45:00,train,0,0,3,False
U0910,2008-09-19 11:13:00,train,0,0,3,False
U0911,2008-09-19 11:54:00,train,0,0,2,False
U0912,2008-09-19 13:59:00,train,0,0,1,False
U0913,2008-09-19 15:31:00,train,0,0,2,False
U0914,2008-09-19 16:40:00,train,0,0,2,False
U0915,2008-09-19 16:58:00,train,1,0,2,False
U0916,2008-09-19 17:47:00,train,0,0,1,False
U0917,2008-09-19 18:11:00,train,0,0,1,False
U0918,2008-09-19 18:33:00,train,0,0,1,False
U0919,2008-09-19 19:18:00,train,0,0,1,False
U0920,2008-09-19 19:29:00,train,0,0,1,False
U0921,2008-09-19 20:05:00,train,0,0,1,False
U0922,2008-09-19 20:07:00,train,0,0,1,False
U0923,2008-09-19 20:10:00,train,0,0,2,False
U0924,2008-09-19 20:17:00,train,0,0,1,False
U0925,2008-09-19 20:19:00,train,1,0,1,False
U0926,2008-09-19 21:08:00,train,0,0,1,False
U0927,2008-09-19 21:09:00,train,1,0,0,False
U0928,2008-09-19 21:13:00,train,0,0,0,False
U0929,2008-09-19 21:14:00,train,0,0,1,False
U0930,2008-09-19 21:59:00,train,1,0,1,False
U0931,2008-09-19 23:26:00,train,0,0,1,False
U0932,2008-09-19 23:33:00,train,0,0,1,False
U0933,2008-09-20 00:18:00,train,0,0,1,False
U0934,2008-09-20 00:33:00,train,0,0,0,False
U0935,2008-09-20 03:58:00,train,0,0,1,False
U0936,2008-09-20 04:13:00,train,0,0,1,False
U0937,2008-09-20 04:28:00,train,0,0,1,False
U0938,2008-09-20 05:22:00,train,0,0,2,False
U0939,2008-09-20 05:25:00,train,0,0,1,False
U0940,2008-09-20 05:34:00,train,0,0,1,False
U0941,2008-09-20 06:08:00,train,0,0,1,False
U0942,2008-09-20 07:21:00,train,0,0,1,False
U0943,2008-09-20 08:14:00,train,0,0,1,False
U0944,2008-09-20 10:51:00,train,0,0,1,False
U0945,2008-09-20 11:18:00,train,0,0,2,False
U0946,2008-09-20 12:20:00,train,0,0,2,False
U0947,2008-09-20 12:26:00,train,0,1,2,True
U0948,2008-09-20 12:27:00,train,0,1,2,True
U0949,2008-09-20 12:36:00,train,0,1,2,True
U0950,2008-09-20 12:57:00,train,0,1,2,True
U0951,2008-09-20 14:00:00,train,0,1,2,True
U0952,2008-09-20 14:06:00,train,0,1,2,True
U0953,2008-09-20 14:42:00,train,0,1,1,True
U0954,2008-09-20 14:50:00,train,0,0,1,False
U0955,2008-09-20 14:53:00,train,0,0,1,False
U0956,2008-09-20 15:02:00,train,0,0,1,False
U0957,2008-09-20 15:19:00,train,0,0,1,False
U0958,2008-09-20 15:37:00,train,0,0,2,False
U0959,2008-09-20 15:46:00,train,0,0,3,False
U0960,2008-09-20 16:43:00,train,0,0,1,False
U0961,2008-09-20 16:44:00,train,0,0,3,False
U0962,2008-09-20 17:26:00,train,0,0,2,False
U0963,2008-09-20 17:29:00,train,0,0,2,False
U0964,2008-09-20 18:03:00,train,0,0,2,False
U0965,2008-09-20 18:21:00,train,0,0,2,False
U0966,2008-09-20 18:56:00,train,0,1,2,True
U0967,2008-09-20 19:14:00,train,0,1,2,True
U0968,2008-09-20 19:21:00,train,0,1,2,True
U0969,2008-09-20 23:34:00,train,0,1,2,True
U0970,2008-09-21 00:48:00,train,0,0,2,False
U0971,2008-09-21 01:06:00,train,0,1,2,True
U0972,2008-09-21 02:07:00,train,0,1,2,True
U0973,2008-09-21 03:04:00,train,0,0,2,False
U0974,2008-09-21 03:47:00,train,0,0,3,False
U0975,2008-09-21 04:17:00,train,0,0,2,False
U0976,2008-09-21 04:49:00,train,0,1,2,True
U0977,2008-09-21 07:30:00,train,0,1,1,True
U0978,2008-09-21 07:55:00,train,0,0,1,False
U0979,2008-09-21 08:22:00,train,0,0,1,False
U0980,2008-09-21 08:49:00,train,0,0,1,False
U0981,2008-09-21 09:16:00,train,0,0,1,False
U0982,2008-09-21 09:31:00,train,0,0,1,False
U0983,2008-09-21 10:07:00,train,0,0,1,False
U0984,2008-09-21 10:49:00,train,0,0,1,False
U0985,2008-09-21 11:33:00,train,0,0,2,False
U0986,2008-09-21 12:04:00,train,0,0,2,False
U0987,2008-09-21 14:30:00,train,0,0,1,False
U0988,2008-09-21 14:31:00,train,0,1,1,True
U0989,2008-09-21 14:33:00,train,0,1,1,True
U0990,2008-09-21 15:15:00,train,0,0,2,False
U0991,2008-09-21 15:26:00,train,0,0,2,False
U0992,2008-09-21 15:34:00,train,0,1,2,True
U0993,2008-09-21 16:43:00,train,0,1,2,True
U0994,2008-09-21 17:26:00,train,0,1,3,True
U0995,2008-09-21 17:30:00,train,0,1,3,True
U0996,2008-09-21 18:12:00,train,0,1,1,True
U0997,2008-09-21 19:19:00,train,0,1,2,True
U0998,2008-09-21 20:35:00,train,0,1,2,True
U0999,2008-09-21 21:54:00,train,0,1,2,True
U1000,2008-09-21 22:02:00,train,0,1,1,True
U1001,2008-09-22 00:12:00,train,0,1,1,True
U1002,2008-09-22 00:28:00,train,0,0,1,False
U1003,2008-09-22 00:47:00,train,0,0,1,False
U1004,2008-09-22 01:43:00,train,0,0,1,False
U1005,2008-09-22 03:51:00,train,0,0,1,False
U1006,2008-09-22 06:05:00,train,0,0,1,False
U1007,2008-09-22 07:12:00,train,0,0,1,False
U1008,2008-09-22 10:43:00,train,0,0,1,False
U1009,2008-09-22 11:50:00,train,0,0,1,False
U1010,2008-09-22 12:11:00,train,0,0,1,False
U1011,2008-09-22 12:45:00,train,0,0,3,False
U1012,2008-09-22 13:03:00,train,0,0,1,False
U1013,2008-09-22 14:24:00,train,0,0,1,False
U1014,2008-09-22 14:27:00,train,0,0,1,False
U1015,2008-09-22 14:36:00,train,0,0,1,False
U1016,2008-09-22 16:25:00,train,0,0,1,False
U1017,2008-09-22 21:30:00,train,0,0,1,False
U1018,2008-09-22 21:31:00,train,0,0,1,False
U1019,2008-09-22 22:15:00,train,0,0,2,False
U1020,2008-09-22 22:17:00,train,0,0,2,False
U1021,2008-09-22 23:01:00,train,0,0,1,False
U1022,2008-09-22 23:10:00,train,0,0,3,False
U1023,2008-09-23 00:57:00,train,0,0,3,False
U1024,2008-09-23 06:44:00,train,0,0,3,False
U1025,2008-09-23 06:44:00,train,0,0,4,False
U1026,2008-09-23 06:52:00,train,0,0,3,False
U1027,2008-09-23 07:58:00,train,0,0,3,False
U1028,2008-09-23 08:11:00,train,0,0,3,False
U1029,2008-09-23 09:43:00,train,0,0,3,False
U1030,2008-09-23 11:14:00,train,1,0,2,False
U1031,2008-09-23 11:42:00,train,0,0,2,False
U1032,2008-09-23 11:43:00,train,0,0,1,False
U1033,2008-09-23 12:29:00,train,0,0,1,False
U1034,2008-09-23 12:31:00,train,0,0,2,False
U1035,2008-09-23 12:46:00,train,0,0,2,False
U1036,2008-09-23 13:37:00,train,0,0,4,False
U1037,2008-09-23 15:23:00,train,0,0,3,False
U1038,2008-09-23 15:33:00,train,0,0,3,False
U1039,2008-09-23 15:58:00,train,0,0,2,False
U1040,2008-09-23 18:10:00,train,0,0,3,False
U1041,2008-09-23 18:36:00,train,0,0,2,False
U1042,2008-09-23 18:56:00,train,0,0,3,False
U1043,2008-09-23 20:18:00,train,0,0,3,False
U1044,2008-09-23 20:59:00,train,0,0,2,False
U1045,2008-09-23 21:26:00,train,0,0,0,False
U1046,2008-09-23 22:25:00,train,0,0,0,False
U1047,2008-09-24 02:19:00,train,0,0,0,False
U1048,2008-09-24 02:44:00,train,0,0,1,False
U1049,2008-09-24 03:32:00,train,0,0,0,False
U1050,2008-09-24 03:40:00,train,0,0,0,False
U1051,2008-09-24 05:13:00,train,0,0,1,False
U1052,2008-09-24 05:22:00,train,0,0,1,False
U1053,2008-09-24 06:13:00,train,0,0,1,False
U1054,2008-09-24 06:14:00,train,0,0,1,False
U1055,2008-09-24 07:23:00,train,0,0,1,False
U1056,2008-09-24 10:10:00,train,0,0,2,False
U1057,2008-09-24 10:53:00,train,0,0,3,False
U1058,2008-09-24 10:59:00,train,0,0,4,False
U1059,2008-09-24 11:47:00,train,0,1,3,True
U1060,2008-09-24 12:04:00,train,0,1,3,True
U1061,2008-09-24 12:35:00,train,0,0,4,False
U1062,2008-09-24 13:01:00,train,0,0,4,False
U1063,2008-09-24 15:05:00,train,1,0,6,False
U1064,2008-09-24 15:39:00,train,0,0,4,False
U1065,2008-09-24 15:42:00,train,0,0,3,False
U1066,2008-09-24 15:43:00,train,0,0,1,False
U1067,2008-09-24 16:26:00,train,0,0,1,False
U1068,2008-09-24 17:54:00,train,0,0,1,False
U1069,2008-09-24 18:05:00,train,0,0,2,False
U1070,2008-09-25 01:05:00,train,0,0,1,False
U1071,2008-09-25 02:03:00,train,0,0,1,False
U1072,2008-09-25 06:21:00,train,0,0,2,False
U1073,2008-09-25 07:12:00,train,0,0,2,False
U1074,2008-09-25 07:58:00,train,0,0,2,False
U1075,2008-09-25 08:45:00,train,0,0,2,False
U1076,2008-09-25 09:31:00,train,0,0,3,False
U1077,2008-09-25 10:23:00,train,0,0,3,False
U1078,2008-09-25 11:08:00,train,0,0,3,False
U1079,2008-09-25 11:09:00,train,0,0,2,False
U1080,2008-09-25 11:55:00,train,0,1,4,True
U1081,2008-09-25 13:42:00,train,0,1,4,True
U1082,2008-09-25 14:08:00,train,0,1,3,True
U1083,2008-09-25 14:28:00,train,0,1,3,True
U1084,2008-09-25 15:12:00,train,0,0,2,False
U1085,2008-09-25 15:40:00,train,0,0,1,False
U1086,2008-09-25 15:55:00,train,0,0,1,False
U1087,2008-09-25 16:44:00,train,0,0,2,False
U1088,2008-09-25 17:28:00,train,0,0,2,False
U1089,2008-09-25 17:29:00,train,0,0,3,False
U1090,2008-09-25 19:49:00,train,0,0,2,False
U1091,2008-09-25 22:05:00,train,0,0,2,False
U1092,2008-09-25 23:04:00,train,0,0,1,False
U1093,2008-09-25 23:48:00,train,0,0,1,False
U1094,2008-09-26 00:19:00,train,0,0,1,False
U1095,2008-09-26 01:21:00,train,0,0,1,False
U1096,2008-09-26 02:26:00,train,0,0,2,False
U1097,2008-09-26 03:12:00,train,0,0,2,False
U1098,2008-09-26 03:29:00,train,0,0,2,False
U1099,2008-09-26 04:14:00,train,0,0,1,False
U1100,2008-09-26 05:32:00,train,0,0,2,False
U1101,2008-09-26 11:08:00,train,0,0,1,False
U1102,2008-09-26 13:36:00,train,0,0,1,False
U1103,2008-09-26 13:45:00,train,0,0,1,False
U1104,2008-09-26 14:20:00,train,0,0,2,False
U1105,2008-09-26 14:51:00,train,0,0,2,False
U1106,2008-09-26 15:06:00,train,0,0,2,False
U1107,2008-09-26 15:36:00,train,0,0,3,False
U1108,2008-09-26 15:49:00,train,0,0,3,False
U1109,2008-09-26 16:31:00,train,0,0,2,False
U1110,2008-09-26 17:59:00,train,0,0,2,False
U1111,2008-09-26 18:54:00,train,0,0,3,False
U1112,2008-09-26 19:38:00,train,0,0,2,False
U1113,2008-09-26 19:45:00,train,0,0,2,False
U1114,2008-09-26 19:55:00,train,0,0,2,False
U1115,2008-09-26 20:23:00,train,0,0,1,False
U1116,2008-09-26 20:31:00,train,0,0,1,False
U1117,2008-09-27 00:16:00,train,0,0,1,False
U1118,2008-09-27 00:17:00,train,0,0,1,False
U1119,2008-09-27 01:29:00,train,0,0,1,False
U1120,2008-09-27 03:53:00,train,0,0,1,False
U1121,2008-09-27 10:10:00,train,0,0,1,False
U1122,2008-09-27 10:13:00,train,0,1,2,True
U1123,2008-09-27 11:04:00,train,0,0,2,False
U1124,2008-09-27 11:45:00,train,0,0,2,False
U1125,2008-09-27 11:54:00,train,0,0,1,False
U1126,2008-09-27 12:26:00,train,0,0,1,False
U1127,2008-09-27 12:28:00,train,0,0,1,False
U1128,2008-09-27 12:36:00,train,0,0,2,False
U1129,2008-09-27 13:14:00,train,0,0,2,False
U1130,2008-09-27 13:19:00,train,0,0,3,False
U1131,2008-09-27 14:01:00,train,0,0,3,False
U1132,2008-09-27 14:05:00,train,0,0,2,False
U1133,2008-09-27 14:46:00,train,0,0,3,False
U1134,2008-09-27 15:09:00,train,0,0,2,False
U1135,2008-09-27 15:30:00,train,0,0,2,False
U1136,2008-09-27 16:13:00,train,0,0,2,False
U1137,2008-09-27 17:26:00,train,0,0,2,False
U1138,2008-09-27 18:14:00,train,0,0,2,False
U1139,2008-09-27 19:16:00,train,0,0,3,False
U1140,2008-09-27 20:46:00,train,0,0,2,False
U1141,2008-09-27 21:45:00,train,0,0,2,False
U1142,2008-09-28 00:51:00,train,0,0,2,False
U1143,2008-09-28 01:22:00,train,0,0,2,False
U1144,2008-09-28 03:55:00,train,0,0,2,False
U1145,2008-09-28 04:45:00,train,1,0,2,False
U1146,2008-09-28 05:31:00,train,0,0,1,False
U1147,2008-09-28 06:22:00,train,0,0,2,False
U1148,2008-09-28 07:38:00,train,0,0,1,False
U1149,2008-09-28 07:52:00,train,0,0,1,False
U1150,2008-09-28 08:40:00,train,0,0,1,False
U1151,2008-09-28 08:41:00,train,0,1,2,True
U1152,2008-09-28 09:50:00,train,1,1,1,True
U1153,2008-09-28 17:05:00,train,0,0,1,False
U1154,2008-09-28 17:06:00,train,0,0,1,False
U1155,2008-09-28 17:49:00,train,0,0,1,False
U1156,2008-09-28 17:55:00,train,0,0,2,False
U1157,2008-09-28 18:34:00,train,0,0,1,False
U1158,2008-09-28 18:43:00,train,0,0,0,False
U1159,2008-09-28 19:18:00,train,0,0,1,False
U1160,2008-09-28 19:29:00,train,0,0,0,False
U1161,2008-09-28 20:02:00,train,0,0,0,False
U1162,2008-09-28 20:42:00,train,0,0,0,False
U1163,2008-09-28 21:08:00,train,0,0,0,False
U1164,2008-09-28 21:27:00,train,0,0,0,False
U1165,2008-09-28 22:44:00,train,0,0,0,False
U1166,2008-09-28 23:54:00,train,0,0,1,False
U1167,2008-09-29 02:06:00,train,0,0,2,False
U1168,2008-09-29 03:07:00,train,0,0,1,False
U1169,2008-09-29 03:50:00,train,0,0,1,False
U1170,2008-09-29 04:18:00,train,0,0,2,False
U1171,2008-09-29 04:47:00,train,0,0,2,False
U1172,2008-09-29 05:32:00,train,0,0,2,False
U1173,2008-09-29 07:53:00,train,0,0,1,False
U1174,2008-09-29 09:15:00,train,0,0,0,False
U1175,2008-09-29 11:13:00,train,0,0,0,False
U1176,2008-09-29 11:53:00,test,0,0,0,False
U1177,2008-09-29 12:25:00,test,0,0,1,False
U1178,2008-09-29 14:03:00,test,0,0,1,False
U1179,2008-09-29 14:04:00,test,0,0,1,False
U1180,2008-09-29 14:08:00,test,0,0,1,False
U1181,2008-09-29 15:09:00,test,0,0,2,False
U1182,2008-09-29 15:16:00,test,0,0,3,False
U1183,2008-09-29 16:27:00,test,0,0,2,False
U1184,2008-09-29 17:21:00,test,0,0,3,False
U1185,2008-09-29 21:26:00,test,0,1,2,True
U1186,2008-09-29 21:48:00,test,1,0,2,False
U1187,2008-09-29 22:13:00,test,0,0,2,False
U1188,2008-09-30 01:33:00,test,0,0,2,False
U1189,2008-09-30 01:36:00,test,0,0,1,False
U1190,2008-09-30 02:44:00,test,1,0,1,False
U1191,2008-09-30 04:01:00,test,0,0,0,False
U1192,2008-09-30 04:42:00,test,0,0,0,False
U1193,2008-09-30 08:44:00,test,0,0,1,False
U1194,2008-09-30 12:31:00,test,0,0,0,False
U1195,2008-09-30 13:29:00,test,0,0,1,False
U1196,2008-09-30 14:20:00,test,0,0,1,False
U1197,2008-09-30 14:36:00,test,0,0,2,False
U1198,2008-09-30 15:16:00,test,0,0,1,False
U1199,2008-09-30 15:26:00,test,0,1,2,True
U1200,2008-09-30 16:13:00,test,0,0,2,False
U1201,2008-09-30 16:50:00,test,0,0,2,False
U1202,2008-09-30 17:27:00,test,0,0,1,False
U1203,2008-09-30 19:17:00,test,0,1,3,True
U1204,2008-09-30 19:17:00,test,0,1,2,True
U1205,2008-09-30 21:39:00,test,0,1,1,True
U1206,2008-09-30 21:42:00,test,0,0,1,False
U1207,2008-09-30 23:34:00,test,0,0,1,False
U1208,2008-09-30 23:58:00,test,0,0,1,False
U1209,2008-10-01 00:20:00,test,0,0,1,False
U1210,2008-10-01 01:11:00,test,0,0,1,False
U1211,2008-10-01 02:53:00,test,0,0,0,False
U1212,2008-10-01 05:56:00,test,1,0,1,False
U1213,2008-10-01 07:19:00,test,0,0,2,False
U1214,2008-10-01 07:28:00,test,0,0,2,False
U1215,2008-10-01 08:15:00,test,0,0,2,False
U1216,2008-10-01 09:15:00,test,0,0,2,False
U1217,2008-10-01 09:16:00,test,0,0,2,False
U1218,2008-10-01 14:22:00,test,0,0,1,False
U1219,2008-10-01 15:16:00,test,0,1,3,True
U1220,2008-10-01 16:43:00,test,0,0,2,False
U1221,2008-10-01 19:57:00,test,0,1,2,True
U1222,2008-10-01 21:15:00,test,0,0,2,False
U1223,2008-10-01 21:50:00,test,0,1,3,True
U1224,2008-10-01 22:47:00,test,0,0,2,False
U1225,2008-10-01 23:34:00,test,0,0,2,False
U1226,2008-10-02 00:21:00,test,0,0,2,False
U1227,2008-10-02 00:22:00,test,0,0,2,False
U1228,2008-10-02 03:17:00,test,1,0,3,False
U1229,2008-10-02 03:27:00,test,0,0,3,False
U1230,2008-10-02 04:11:00,test,0,0,2,False
U1231,2008-10-02 04:23:00,test,0,0,1,False
U1232,2008-10-02 04:24:00,test,0,0,1,False
U1233,2008-10-02 06:49:00,test,0,1,1,True
U1234,2008-10-02 07:35:00,test,0,0,1,False
U1235,2008-10-02 07:58:00,test,0,0,1,False
U1236,2008-10-02 08:24:00,test,0,0,2,False
U1237,2008-10-02 08:52:00,test,0,0,1,False
U1238,2008-10-02 08:57:00,test,0,1,1,True
U1239,2008-10-02 09:10:00,test,1,1,1,True
U1240,2008-10-02 09:42:00,test,0,0,1,False
U1241,2008-10-02 10:03:00,test,0,0,1,False
U1242,2008-10-02 14:07:00,test,1,0,1,False
U1243,2008-10-02 14:10:00,test,1,0,1,False
U1244,2008-10-02 14:54:00,test,0,0,1,False
U1245,2008-10-02 15:10:00,test,0,1,3,True
U1246,2008-10-02 15:44:00,test,0,1,2,True
U1247,2008-10-02 15:58:00,test,0,0,2,False
U1248,2008-10-02 16:32:00,test,0,0,3,False
U1249,2008-10-02 16:58:00,test,0,1,2,True
U1250,2008-10-02 17:00:00,test,0,1,2,True
U1251,2008-10-02 17:19:00,test,0,1,2,True
U1252,2008-10-02 19:21:00,test,0,1,2,True
U1253,2008-10-02 19:25:00,test,0,1,2,True
U1254,2008-10-02 20:54:00,test,0,1,2,True
U1255,2008-10-02 21:32:00,test,1,0,2,False
U1256,2008-10-02 21:33:00,test,0,0,3,False
U1257,2008-10-02 22:23:00,test,0,0,3,False
U1258,2008-10-02 22:33:00,test,0,0,3,False
U1260,2008-10-02 23:32:00,test,0,0,3,False
U1259,2008-10-02 23:32:00,test,0,0,2,False
U1261,2008-10-03 00:24:00,test,0,0,1,False
U1262,2008-10-03 00:55:00,test,0,0,1,False
U1263,2008-10-03 02:41:00,test,0,0,1,False
U1264,2008-10-03 03:52:00,test,0,1,2,True
U1265,2008-10-03 03:56:00,test,0,1,1,True
U1266,2008-10-03 04:49:00,test,0,1,1,True
U1267,2008-10-03 05:01:00,test,0,1,1,True
U1268,2008-10-03 05:45:00,test,0,1,1,True
U1269,2008-10-03 06:15:00,test,0,0,1,False
U1270,2008-10-03 08:35:00,test,0,0,1,False
U1271,2008-10-03 09:30:00,test,0,0,1,False
U1272,2008-10-03 11:40:00,test,0,0,0,False
U1273,2008-10-03 12:31:00,test,0,0,1,False
U1274,2008-10-03 18:45:00,test,0,1,2,True
U1275,2008-10-03 19:23:00,test,0,1,2,True
U1276,2008-10-03 19:23:00,test,0,1,2,True
U1277,2008-10-03 20:11:00,test,0,1,4,True
U1278,2008-10-03 20:26:00,test,0,1,2,True
U1279,2008-10-03 20:35:00,test,0,1,3,True
U1280,2008-10-03 20:46:00,test,0,2,3,True
U1281,2008-10-03 21:15:00,test,0,0,2,False
U1282,2008-10-03 21:52:00,test,0,0,2,False
U1283,2008-10-03 22:08:00,test,0,0,1,False
U1284,2008-10-03 22:53:00,test,0,0,2,False
U1285,2008-10-03 23:46:00,test,0,0,2,False
U1286,2008-10-04 00:58:00,test,0,0,1,False
U1287,2008-10-04 01:49:00,test,0,0,1,False
U1288,2008-10-04 02:36:00,test,0,0,1,False
U1289,2008-10-04 03:53:00,test,0,0,0,False
U1290,2008-10-04 04:12:00,test,0,0,0,False
U1291,2008-10-04 04:45:00,test,0,0,0,False
U1292,2008-10-04 09:29:00,test,0,0,0,False
U1293,2008-10-04 15:16:00,test,0,1,0,True
U1294,2008-10-04 16:58:00,test,0,0,2,False
U1295,2008-10-04 18:15:00,test,0,0,1,False
U1296,2008-10-04 18:25:00,test,0,0,1,False
U1297,2008-10-04 18:59:00,test,0,0,1,False
U1298,2008-10-04 19:12:00,test,0,0,1,False
U1299,2008-10-04 19:47:00,test,0,0,1,False
U1300,2008-10-04 19:54:00,test,0,0,1,False
U1301,2008-10-04 20:39:00,test,0,0,1,False
U1302,2008-10-04 22:06:00,test,0,1,1,True
U1303,2008-10-04 23:18:00,test,1,1,1,True
U1304,2008-10-05 00:33:00,test,1,0,1,False
U1305,2008-10-05 00:33:00,test,0,0,0,False
U1306,2008-10-05 01:35:00,test,0,0,1,False
U1307,2008-10-05 04:01:00,test,0,0,1,False
U1308,2008-10-05 04:20:00,test,0,0,1,False
U1309,2008-10-05 04:48:00,test,0,0,1,False
U1310,2008-10-05 05:31:00,test,0,0,1,False
U1311,2008-10-05 05:53:00,test,0,0,1,False
U1312,2008-10-05 06:15:00,test,0,0,1,False
U1313,2008-10-05 08:02:00,test,0,0,1,False
U1314,2008-10-05 08:40:00,test,0,0,2,False
U1315,2008-10-05 09:04:00,test,0,0,2,False
U1316,2008-10-05 09:47:00,test,0,0,2,False
U1317,2008-10-05 10:00:00,test,0,0,1,False
U1318,2008-10-05 10:43:00,test,0,0,1,False
U1319,2008-10-05 11:05:00,test,0,0,1,False
U1320,2008-10-05 11:30:00,test,0,0,1,False
U1321,2008-10-05 12:03:00,test,0,0,1,False
U1322,2008-10-05 12:17:00,test,0,0,1,False
U1323,2008-10-05 13:49:00,test,0,0,1,False
U1324,2008-10-05 14:34:00,test,0,0,1,False
U1325,2008-10-05 15:30:00,test,1,0,2,False
U1326,2008-10-05 15:35:00,test,1,0,2,False
U1327,2008-10-05 16:15:00,test,0,0,2,False
U1328,2008-10-05 16:37:00,test,1,1,2,True
U1329,2008-10-05 16:49:00,test,1,1,1,True
U1330,2008-10-05 18:46:00,test,1,1,1,True
U1331,2008-10-05 18:59:00,test,0,0,1,False
U1332,2008-10-05 19:45:00,test,0,0,1,False
U1333,2008-10-05 20:12:00,test,0,0,2,False
U1334,2008-10-05 20:30:00,test,0,0,2,False
U1335,2008-10-05 22:13:00,test,0,0,1,False
U1336,2008-10-06 00:41:00,test,0,0,1,False
U1337,2008-10-06 01:25:00,test,0,0,1,False
U1338,2008-10-06 01:27:00,test,0,0,1,False
U1339,2008-10-06 01:30:00,test,0,0,1,False
U1340,2008-10-06 02:44:00,test,0,0,1,False
U1341,2008-10-06 02:49:00,test,0,0,1,False
U1342,2008-10-06 03:31:00,test,0,0,2,False
U1343,2008-10-06 03:50:00,test,1,0,3,False
U1344,2008-10-06 03:57:00,test,1,0,1,False
U1345,2008-10-06 04:26:00,test,0,0,1,False
U1346,2008-10-06 05:21:00,test,0,0,1,False
U1347,2008-10-06 05:24:00,test,0,0,2,False
U1348,2008-10-06 06:11:00,test,0,0,2,False
U1349,2008-10-06 06:26:00,test,0,0,2,False
U1350,2008-10-06 06:49:00,test,0,0,2,False
U1351,2008-10-06 07:12:00,test,0,1,2,True
U1352,2008-10-06 07:17:00,test,0,1,3,True
U1353,2008-10-06 07:35:00,test,0,1,3,True
U1354,2008-10-06 07:38:00,test,0,1,4,True
U1355,2008-10-06 08:24:00,test,0,0,4,False
U1356,2008-10-06 08:57:00,test,0,0,3,False
U1357,2008-10-06 09:11:00,test,0,0,2,False
U1358,2008-10-06 09:57:00,test,0,0,3,False
U1359,2008-10-06 10:07:00,test,0,0,3,False
U1360,2008-10-06 11:51:00,test,0,0,2,False
U1361,2008-10-06 12:39:00,test,0,0,2,False
U1362,2008-10-06 12:42:00,test,0,0,3,False
U1363,2008-10-06 13:08:00,test,0,0,2,False
U1364,2008-10-06 13:38:00,test,1,0,2,False
U1365,2008-10-06 13:55:00,test,1,0,2,False
U1366,2008-10-06 15:00:00,test,1,0,2,False
U1367,2008-10-06 15:01:00,test,0,0,2,False
U1368,2008-10-06 15:52:00,test,0,0,1,False
U1369,2008-10-06 16:42:00,test,0,0,2,False
U1370,2008-10-06 16:50:00,test,0,0,2,False
U1372,2008-10-06 17:26:00,test,0,0,0,False
U1371,2008-10-06 17:26:00,test,0,0,1,False
U1373,2008-10-06 17:35:00,test,0,1,1,True
U1374,2008-10-06 18:54:00,test,0,1,2,True
U1375,2008-10-06 18:55:00,test,0,0,0,False
U1376,2008-10-06 19:42:00,test,0,0,0,False
U1377,2008-10-06 20:02:00,test,0,0,0,False
U1378,2008-10-06 20:36:00,test,0,0,0,False
U1379,2008-10-06 20:47:00,test,0,0,1,False
U1380,2008-10-06 21:46:00,test,0,0,1,False
U1381,2008-10-06 21:48:00,test,0,0,0,False
U1382,2008-10-06 22:37:00,test,0,0,0,False
U1383,2008-10-06 23:03:00,test,0,0,1,False
U1384,2008-10-07 01:46:00,test,0,0,2,False
U1385,2008-10-07 03:29:00,test,0,2,2,True
U1386,2008-10-07 03:39:00,test,0,1,2,True
U1387,2008-10-07 07:32:00,test,0,0,1,False
U1388,2008-10-07 07:41:00,test,0,0,0,False
U1389,2008-10-07 08:25:00,test,0,0,0,False
U1390,2008-10-07 08:26:00,test,0,2,0,True
U1391,2008-10-07 09:11:00,test,0,1,1,True
U1392,2008-10-07 09:20:00,test,0,0,2,False
U1393,2008-10-07 09:59:00,test,0,0,2,False
U1394,2008-10-07 10:04:00,test,0,0,2,False
U1395,2008-10-07 10:10:00,test,0,0,2,False
U1396,2008-10-07 10:51:00,test,0,1,2,True
U1397,2008-10-07 11:15:00,test,0,0,2,False
U1398,2008-10-07 11:16:00,test,0,0,2,False
U1399,2008-10-07 11:36:00,test,0,0,2,False
U1400,2008-10-07 12:40:00,test,0,1,3,True
U1401,2008-10-07 13:10:00,test,1,0,2,False
U1402,2008-10-07 13:48:00,test,0,0,2,False
U1403,2008-10-07 14:35:00,test,0,0,2,False
U1404,2008-10-07 16:32:00,test,0,0,2,False
U1405,2008-10-07 17:06:00,test,0,0,1,False
U1406,2008-10-07 17:28:00,test,0,0,2,False
U1407,2008-10-07 18:39:00,test,0,0,2,False
U1408,2008-10-07 19:24:00,test,0,0,3,False
U1409,2008-10-07 20:19:00,test,0,0,1,False
U1410,2008-10-07 20:39:00,test,0,0,1,False
U1411,2008-10-07 20:48:00,test,0,0,1,False
U1412,2008-10-08 04:47:00,test,0,0,2,False
U1413,2008-10-08 05:35:00,test,0,0,2,False
U1414,2008-10-08 05:38:00,test,0,1,3,True
U1415,2008-10-08 06:25:00,test,0,1,2,True
U1416,2008-10-08 07:10:00,test,0,1,1,True
U1417,2008-10-08 07:13:00,test,0,0,1,False
U1418,2008-10-08 07:16:00,test,0,0,1,False
U1419,2008-10-08 09:01:00,test,0,0,1,False
U1420,2008-10-08 09:06:00,test,0,0,1,False
U1421,2008-10-08 10:37:00,test,0,0,1,False
U1422,2008-10-08 12:11:00,test,0,0,1,False
U1423,2008-10-08 13:35:00,test,0,0,0,False
U1424,2008-10-08 13:38:00,test,0,0,0,False
U1425,2008-10-08 14:48:00,test,0,0,0,False
U1426,2008-10-08 15:37:00,test,0,0,1,False
U1427,2008-10-08 16:26:00,test,0,0,0,False
U1428,2008-10-08 17:14:00,test,0,0,1,False
U1429,2008-10-08 17:31:00,test,0,0,1,False
U1430,2008-10-08 17:41:00,test,0,0,0,False
U1431,2008-10-08 18:22:00,test,0,1,1,True
U1432,2008-10-08 20:27:00,test,0,0,2,False
U1433,2008-10-08 21:19:00,test,0,0,1,False
U1434,2008-10-08 21:45:00,test,0,0,3,False
U1435,2008-10-08 22:08:00,test,0,0,1,False
U1436,2008-10-08 23:13:00,test,0,0,0,False
U1437,2008-10-08 23:50:00,test,0,0,0,False
U1438,2008-10-09 00:23:00,test,0,0,0,False
U1439,2008-10-09 04:34:00,test,1,0,0,False
U1440,2008-10-09 06:06:00,test,0,0,0,False
U1441,2008-10-09 07:38:00,test,0,0,0,False
U1442,2008-10-09 14:15:00,test,0,0,2,False
U1443,2008-10-09 15:04:00,test,0,0,0,False
U1444,2008-10-09 15:55:00,test,1,0,0,False
U1445,2008-10-09 15:56:00,test,0,0,1,False
U1446,2008-10-10 10:05:00,test,0,0,0,False
U1447,2008-10-10 10:46:00,test,0,0,0,False
U1448,2008-10-10 10:53:00,test,0,0,0,False
U1449,2008-10-10 12:30:00,test,0,0,0,False
U1450,2008-10-10 15:33:00,test,0,0,1,False
U1451,2008-10-10 15:50:00,test,0,0,1,False
U1452,2008-10-10 20:02:00,test,0,0,1,False
U1453,2008-10-10 21:03:00,test,0,0,2,False
U1454,2008-10-10 21:07:00,test,0,0,2,False
U1455,2008-10-10 21:16:00,test,0,0,2,False
U1456,2008-10-11 02:55:00,test,0,0,2,False
U1457,2008-10-11 06:56:00,test,0,0,2,False
U1458,2008-10-11 07:38:00,test,0,0,3,False
U1459,2008-10-11 07:39:00,test,0,0,2,False
U1460,2008-10-11 07:42:00,test,0,0,3,False
U1461,2008-10-11 08:27:00,test,0,0,1,False
U1462,2008-10-11 14:43:00,test,0,0,1,False
U1463,2008-10-11 15:33:00,test,0,0,1,False
U1464,2008-10-11 16:25:00,test,0,0,1,False
U1465,2008-10-11 23:16:00,test,0,0,2,False
U1466,2008-10-11 23:58:00,test,0,1,3,True
U1467,2008-10-12 00:57:00,test,0,0,2,False
U1468,2008-10-12 01:50:00,test,0,0,1,False
U1469,2008-10-12 02:59:00,test,0,0,1,False
U1470,2008-10-12 03:21:00,test,0,1,2,True
U1471,2008-10-12 03:28:00,test,0,1,3,True
U1472,2008-10-12 08:19:00,test,0,1,3,True
U1473,2008-10-12 18:47:00,test,0,0,2,False
U1474,2008-10-13 03:34:00,test,0,0,1,False
U1475,2008-10-13 03:53:00,test,0,0,0,False
U1476,2008-10-13 11:27:00,test,0,0,0,False
U1477,2008-10-13 12:18:00,test,0,0,0,False
U1478,2008-10-13 14:06:00,test,0,0,1,False
U1479,2008-10-13 14:29:00,test,0,1,1,True
U1480,2008-10-13 14:30:00,test,0,0,1,False
U1481,2008-10-13 14:55:00,test,0,0,1,False
U1482,2008-10-13 15:42:00,test,0,0,1,False
U1483,2008-10-13 15:42:00,test,0,0,2,False
U1484,2008-10-13 16:13:00,test,0,0,2,False
U1485,2008-10-13 19:17:00,test,0,0,3,False
U1486,2008-10-13 19:36:00,test,0,0,3,False
U1487,2008-10-13 19:40:00,test,0,0,4,False
U1488,2008-10-13 20:10:00,test,0,0,3,False
U1489,2008-10-13 20:30:00,test,0,0,3,False
U1490,2008-10-13 20:53:00,test,0,0,3,False
U1491,2008-10-13 21:20:00,test,0,0,2,False
U1492,2008-10-13 21:47:00,test,0,0,2,False
U1493,2008-10-13 21:57:00,test,0,0,2,False
U1494,2008-10-13 22:48:00,test,0,0,1,False
U1495,2008-10-13 22:54:00,test,0,0,3,False
U1496,2008-10-14 00:35:00,test,0,0,3,False
U1497,2008-10-14 03:21:00,test,0,0,1,False
U1498,2008-10-14 03:28:00,test,0,0,0,False
U1499,2008-10-14 03:35:00,test,0,0,0,False
U1500,2008-10-14 13:13:00,test,0,0,0,False
U1501,2008-10-14 13:16:00,test,0,0,0,False
U1502,2008-10-14 14:07:00,test,0,0,1,False
U1503,2008-10-14 14:15:00,test,0,0,1,False
U1504,2008-10-14 14:43:00,test,0,0,2,False
U1505,2008-10-14 17:36:00,test,0,0,1,False
U1506,2008-10-14 19:15:00,test,0,0,1,False
U1507,2008-10-14 20:01:00,test,0,0,1,False
U1508,2008-10-14 20:30:00,test,0,0,1,False
U1509,2008-10-14 20:48:00,test,0,0,1,False
U1510,2008-10-14 21:36:00,test,0,0,1,False
U1511,2008-10-14 23:07:00,test,0,0,2,False
U1512,2008-10-15 00:03:00,test,0,0,2,False
U1513,2008-10-15 00:27:00,test,0,0,2,False
U1514,2008-10-15 00:47:00,test,0,0,2,False
U1516,2008-10-15 01:52:00,test,0,0,1,False
U1517,2008-10-15 01:52:00,test,0,0,1,False
U1515,2008-10-15 01:52:00,test,0,0,1,False
U1518,2008-10-15 02:40:00,test,0,0,1,False
U1519,2008-10-15 02:40:00,test,0,0,0,False
U1520,2008-10-15 02:42:00,test,1,0,0,False
U1521,2008-10-15 03:24:00,test,0,0,0,False
U1522,2008-10-15 04:08:00,test,0,0,0,False
U1523,2008-10-15 05:13:00,test,0,0,0,False
U1524,2008-10-15 05:16:00,test,0,0,0,False
U1525,2008-10-15 06:49:00,test,0,0,0,False
U1526,2008-10-15 07:36:00,test,0,0,0,False
U1527,2008-10-15 07:55:00,test,0,0,1,False
U1528,2008-10-15 08:21:00,test,0,0,1,False
U1529,2008-10-15 09:11:00,test,0,0,1,False
U1530,2008-10-15 10:00:00,test,0,0,1,False
U1531,2008-10-15 12:53:00,test,0,0,1,False
U1532,2008-10-15 13:14:00,test,0,0,1,False
U1533,2008-10-15 13:16:00,test,0,0,1,False
U1534,2008-10-15 14:08:00,test,0,0,1,False
U1535,2008-10-15 15:11:00,test,0,0,1,False
U1536,2008-10-15 16:24:00,test,0,0,1,False
U1537,2008-10-15 17:19:00,test,0,0,1,False
U1538,2008-10-15 18:16:00,test,0,0,1,False
U1539,2008-10-15 19:15:00,test,0,0,1,False
U1540,2008-10-15 19:24:00,test,0,0,2,False
U1541,2008-10-15 21:44:00,test,0,0,2,False
U1542,2008-10-15 22:45:00,test,0,0,2,False
U1543,2008-10-15 22:54:00,test,0,0,1,False
U1544,2008-10-15 23:00:00,test,0,0,1,False
U1545,2008-10-15 23:45:00,test,0,0,1,False
U1546,2008-10-16 02:16:00,test,0,0,1,False
U1547,2008-10-16 02:16:00,test,0,0,2,False
U1548,2008-10-16 02:17:00,test,0,0,2,False
U1549,2008-10-16 02:22:00,test,0,0,3,False
U1550,2008-10-16 02:55:00,test,0,0,3,False
U1551,2008-10-16 03:56:00,test,0,0,2,False
U1553,2008-10-16 04:02:00,test,0,0,2,False
U1552,2008-10-16 04:02:00,test,0,0,2,False
U1554,2008-10-16 04:04:00,test,0,1,2,True
U1555,2008-10-16 04:47:00,test,0,0,2,False
U1556,2008-10-16 04:50:00,test,0,0,2,False
U1557,2008-10-16 04:54:00,test,0,0,2,False
U1558,2008-10-16 05:08:00,test,0,0,1,False
U1559,2008-10-16 05:13:00,test,0,0,1,False
U1560,2008-10-16 05:44:00,test,0,0,1,False
U1561,2008-10-16 05:58:00,test,0,0,0,False
U1562,2008-10-16 15:02:00,test,0,0,0,False
U1563,2008-10-16 15:13:00,test,0,0,0,False
U1564,2008-10-16 20:49:00,test,0,0,0,False
U1565,2008-10-17 05:26:00,test,0,0,0,False
U1566,2008-10-17 06:01:00,test,0,0,0,False
U1567,2008-10-17 06:07:00,test,0,0,0,False
