sensor,missing_pct,is_constant,status,mean,std,pass_mean,fail_mean,importance,importance_rank,is_top_sensor
sensor_000,0.38,No,Kept,3014.4529,73.6218,3014.9473,3007.5262,0.00314,68,No
sensor_001,0.45,No,Kept,2495.8502,80.4077,2495.9061,2495.0597,0.00202,174,No
sensor_002,0.89,No,Kept,2200.5473,29.5132,2200.5549,2200.4419,0.00214,158,No
sensor_003,0.89,No,Kept,1396.3766,441.6916,1399.2903,1355.7814,0.00128,376,No
sensor_004,0.89,No,Kept,4.197,56.3555,4.4047,1.3034,0.00138,358,No
sensor_005,0.89,Yes,Dropped - constant,100.0,0.0,100.0,100.0,,,No
sensor_006,0.89,No,Kept,101.1129,6.2372,101.0858,101.491,0.00186,214,No
sensor_007,0.57,No,Kept,0.1218,0.009,0.1218,0.1223,0.00176,258,No
sensor_008,0.13,No,Kept,1.4629,0.0739,1.4623,1.4706,0.00321,65,No
sensor_009,0.13,No,Kept,-0.0008,0.0151,-0.0007,-0.0026,0.00185,221,No
sensor_010,0.13,No,Kept,0.0001,0.0093,0.0001,0.0013,0.00178,247,No
sensor_011,0.13,No,Kept,0.9644,0.0125,0.9645,0.9628,0.00148,333,No
sensor_012,0.13,No,Kept,199.9568,3.2573,199.962,199.884,0.00173,265,No
sensor_013,0.19,Yes,Dropped - constant,0.0,0.0,0.0,0.0,,,No
sensor_014,0.19,No,Kept,9.0054,2.7966,9.0568,8.2828,0.00348,47,No
sensor_015,0.19,No,Kept,413.086,17.2211,413.0993,412.9,0.00326,60,No
sensor_016,0.19,No,Kept,9.9076,2.4039,9.9061,9.9288,0.00411,33,No
sensor_017,0.19,No,Kept,0.9714,0.0121,0.9715,0.971,0.00223,146,No
sensor_018,0.19,No,Kept,190.0474,2.781,190.0539,189.9551,0.00167,283,No
sensor_019,0.64,No,Kept,12.481,0.218,12.4793,12.5061,0.00416,31,No
sensor_020,0.0,No,Kept,1.4051,0.0167,1.405,1.4065,0.00071,429,No
sensor_021,0.13,No,Kept,-5618.3936,626.8222,-5636.4376,-5362.2743,0.00548,18,Yes
sensor_022,0.13,No,Kept,2699.3784,295.4985,2705.1582,2617.3398,0.00195,189,No
sensor_023,0.13,No,Kept,-3806.2997,1380.1621,-3811.0356,-3739.0785,0.00123,385,No
sensor_024,0.13,No,Kept,-298.5981,2902.6901,-284.4415,-499.5396,0.00172,270,No
sensor_025,0.13,No,Kept,1.2038,0.1776,1.2056,1.1794,0.00246,113,No
sensor_026,0.13,No,Kept,1.9385,0.1895,1.9426,1.8803,0.00184,222,No
sensor_027,0.13,No,Kept,6.6386,1.2442,6.6483,6.5011,0.00181,239,No
sensor_028,0.13,No,Kept,69.4995,3.4612,69.598,68.1014,0.00574,14,Yes
sensor_029,0.13,No,Kept,2.3662,0.4087,2.3643,2.3927,0.00198,187,No
sensor_030,0.13,No,Kept,0.1842,0.0329,0.1838,0.1888,0.0019,200,No
sensor_031,0.13,No,Kept,3.6732,0.5353,3.6802,3.5739,0.00604,13,Yes
sensor_032,0.06,No,Kept,85.3375,2.0265,85.3093,85.7335,0.00258,98,No
sensor_033,0.06,No,Kept,8.9603,1.3445,8.9313,9.3682,0.01239,3,Yes
sensor_034,0.06,No,Kept,50.5826,1.1826,50.5818,50.5939,0.00178,250,No
sensor_035,0.06,No,Kept,64.5558,2.5747,64.5642,64.4373,0.0036,43,No
sensor_036,0.06,No,Kept,49.4174,1.1826,49.4182,49.4061,0.00114,395,No
sensor_037,0.06,No,Kept,66.2213,0.3041,66.2179,66.2684,0.00272,88,No
sensor_038,0.06,No,Kept,86.8366,0.4468,86.8303,86.9247,0.00238,129,No
sensor_039,0.06,No,Kept,118.6796,1.8072,118.6806,118.6651,0.00254,102,No
sensor_040,1.53,No,Kept,67.9049,24.0629,68.2398,63.2706,0.00304,74,No
sensor_041,1.53,No,Kept,3.3531,2.3604,3.3515,3.3748,0.00218,154,No
sensor_042,0.06,Yes,Dropped - constant,70.0,0.0,70.0,70.0,,,No
sensor_043,0.06,No,Kept,355.5389,6.2347,355.5729,355.0605,0.00173,264,No
sensor_044,0.06,No,Kept,10.0312,0.175,10.0322,10.016,0.00169,276,No
sensor_045,0.06,No,Kept,136.7431,7.8492,136.7256,136.9886,0.00281,83,No
sensor_046,0.06,No,Kept,733.6728,12.1703,733.7034,733.2434,0.00157,311,No
sensor_047,0.06,No,Kept,1.178,0.1896,1.1765,1.198,0.00184,224,No
sensor_048,0.06,No,Kept,139.9722,4.5243,139.9906,139.7133,0.00167,280,No
sensor_049,0.06,Yes,Dropped - constant,1.0,0.0,1.0,1.0,,,No
sensor_050,0.06,No,Kept,632.2542,8.644,632.2892,631.7625,0.00188,208,No
sensor_051,0.06,No,Kept,157.421,60.9251,157.3234,158.7922,0.00173,266,No
sensor_052,0.06,Yes,Dropped - constant,0.0,0.0,0.0,0.0,,,No
sensor_053,0.26,No,Kept,4.593,0.0549,4.5929,4.5944,0.00192,196,No
sensor_054,0.26,No,Kept,4.8385,0.0596,4.8383,4.8417,0.00156,315,No
sensor_055,0.26,No,Kept,2856.1721,25.7493,2856.2336,2855.301,0.00329,57,No
sensor_056,0.26,No,Kept,0.9288,0.0068,0.9287,0.9305,0.00315,67,No
sensor_057,0.26,No,Kept,0.9492,0.0042,0.9492,0.9489,0.00163,294,No
sensor_058,0.26,No,Kept,4.5933,0.0851,4.592,4.6112,0.00324,63,No
sensor_059,0.45,No,Kept,2.9602,9.5322,2.5635,8.5151,0.02258,1,Yes
sensor_060,0.38,No,Kept,355.1591,6.0279,355.1886,354.7453,0.00137,360,No
sensor_061,0.38,No,Kept,10.4231,0.2749,10.4222,10.4359,0.00183,229,No
sensor_062,0.38,No,Kept,116.5023,8.629,116.5462,115.8884,0.00214,159,No
sensor_063,0.45,No,Kept,13.9899,7.1199,13.8759,15.5857,0.00294,79,No
sensor_064,0.45,No,Kept,20.5421,4.9775,20.4403,21.9676,0.00574,15,Yes
sensor_065,0.45,No,Kept,27.1318,7.1217,27.0275,28.5923,0.00548,17,Yes
sensor_066,0.38,No,Kept,706.6685,11.6231,706.7897,704.971,0.00165,287,No
sensor_067,0.38,No,Kept,16.7154,307.5023,13.4683,62.2073,0.00206,166,No
sensor_068,0.38,No,Kept,147.4376,4.2401,147.4966,146.6112,0.00251,107,No
sensor_069,0.38,Yes,Dropped - constant,1.0,0.0,1.0,1.0,,,No
sensor_070,0.38,No,Kept,619.1017,9.5392,619.2342,617.2449,0.00185,215,No
sensor_071,0.38,No,Kept,104.329,31.6519,104.3463,104.0874,0.00189,206,No
sensor_072,50.67,No,Dropped - >50% missing,150.3616,18.3885,150.3161,150.833,,,No
sensor_073,50.67,No,Dropped - >50% missing,468.0204,17.6299,468.1361,466.8211,,,No
sensor_074,0.38,No,Kept,0.0027,0.1062,0.0029,0.0,0.0,441,No
sensor_075,1.53,No,Kept,-0.0069,0.0223,-0.0071,-0.0046,0.00177,253,No
sensor_076,1.53,No,Kept,-0.0294,0.0332,-0.0289,-0.0363,0.00276,87,No
sensor_077,1.53,No,Kept,-0.007,0.0314,-0.0071,-0.0064,0.00154,321,No
sensor_078,1.53,No,Kept,-0.0136,0.0479,-0.0131,-0.0214,0.00173,268,No
sensor_079,1.53,No,Kept,0.0035,0.0231,0.003,0.0101,0.0035,46,No
sensor_080,1.53,No,Kept,-0.0185,0.0492,-0.0181,-0.0242,0.0016,306,No
sensor_081,1.53,No,Kept,-0.0212,0.017,-0.0213,-0.0197,0.00325,61,No
sensor_082,1.53,No,Kept,0.0061,0.0361,0.0062,0.0043,0.00183,230,No
sensor_083,0.06,No,Kept,7.4521,0.5163,7.4554,7.4047,0.00163,293,No
sensor_084,0.77,No,Kept,0.1331,0.0051,0.1331,0.1329,0.00108,406,No
sensor_085,85.58,No,Dropped - >50% missing,0.1128,0.0029,0.1129,0.1114,,,No
sensor_086,0.0,No,Kept,2.4019,0.0373,2.4016,2.4054,0.00185,219,No
sensor_087,0.0,No,Kept,0.9824,0.0128,0.9825,0.981,0.00172,269,No
sensor_088,0.0,No,Kept,1807.815,53.5373,1807.4317,1813.2077,0.00178,251,No
sensor_089,3.25,No,Kept,0.1887,0.0524,0.1883,0.1946,0.00214,156,No
sensor_090,3.25,No,Kept,8827.5369,396.3137,8833.2895,8748.6194,0.00497,20,Yes
sensor_091,0.38,No,Kept,0.0024,0.0877,0.0022,0.0055,0.00388,35,No
sensor_092,0.13,No,Kept,0.0005,0.0032,0.0005,0.0004,0.00199,182,No
sensor_093,0.13,No,Kept,-0.0005,0.003,-0.0006,-0.0002,0.00169,278,No
sensor_094,0.38,No,Kept,-0.0,0.0002,-0.0,-0.0,0.00055,434,No
sensor_095,0.38,No,Kept,0.0001,0.0001,0.0001,0.0001,0.00053,435,No
sensor_096,0.38,No,Kept,0.0171,0.2196,0.0177,0.0093,0.00237,132,No
sensor_097,0.38,Yes,Dropped - constant,0.0,0.0,0.0,0.0,,,No
sensor_098,0.38,No,Kept,-0.0181,0.4271,-0.0158,-0.0512,0.00249,109,No
sensor_099,0.38,No,Kept,0.0015,0.0627,0.0008,0.0124,0.0017,274,No
sensor_100,0.38,No,Kept,-0.0,0.0004,-0.0,0.0001,0.00226,143,No
sensor_101,0.38,No,Kept,-0.0,0.0002,-0.0,-0.0,0.00068,430,No
sensor_102,0.38,No,Kept,0.0011,0.063,0.0018,-0.0091,0.00416,32,No
sensor_103,0.13,No,Kept,-0.0098,0.0031,-0.0099,-0.0081,0.01451,2,Yes
sensor_104,0.13,No,Kept,-0.0,0.0009,-0.0,-0.0001,0.0011,401,No
sensor_105,0.38,No,Kept,-0.0005,0.0032,-0.0005,-0.0005,0.00154,319,No
sensor_106,0.38,No,Kept,0.0005,0.003,0.0006,0.0002,0.00148,334,No
sensor_107,0.38,No,Kept,-0.0018,0.0875,-0.0014,-0.0068,0.00183,226,No
sensor_108,0.38,No,Kept,-0.0108,0.0868,-0.0108,-0.0106,0.00154,320,No
sensor_109,64.96,No,Dropped - >50% missing,0.98,0.0087,0.98,0.9797,,,No
sensor_110,64.96,No,Dropped - >50% missing,101.3183,1.8801,101.2937,101.7425,,,No
sensor_111,64.96,No,Dropped - >50% missing,231.8189,2.1053,231.8765,230.822,,,No
sensor_112,45.63,No,Kept,0.4575,0.0489,0.4569,0.4643,0.00304,75,No
sensor_113,0.0,No,Kept,0.9454,0.0121,0.9454,0.9455,0.0026,96,No
sensor_114,0.0,No,Kept,0.0001,0.0017,0.0001,0.0006,0.0,446,No
sensor_115,0.0,No,Kept,747.3838,48.9492,747.9533,739.372,0.00441,28,No
sensor_116,0.0,No,Kept,0.9871,0.0095,0.9872,0.9867,0.00157,309,No
sensor_117,0.0,No,Kept,58.6259,6.4852,58.6548,58.2194,0.00266,92,No
sensor_118,1.53,No,Kept,0.5984,0.0081,0.5985,0.5977,0.00181,238,No
sensor_119,0.0,No,Kept,0.9708,0.0089,0.9708,0.971,0.00141,351,No
sensor_120,0.0,No,Kept,6.3109,0.1243,6.3115,6.3014,0.00183,227,No
sensor_121,0.57,No,Kept,15.7964,0.0996,15.7942,15.8281,0.00417,30,No
sensor_122,0.57,No,Kept,3.8984,0.9041,3.9173,3.6335,0.00332,56,No
sensor_123,0.57,No,Kept,15.8297,0.1083,15.8276,15.8589,0.00242,121,No
sensor_124,0.57,No,Kept,15.7947,0.1141,15.7918,15.8348,0.00446,27,No
sensor_125,0.57,No,Kept,1.185,0.2806,1.1912,1.097,0.00338,53,No
sensor_126,0.57,No,Kept,2.7507,0.2535,2.747,2.8029,0.00447,25,No
sensor_127,0.57,No,Kept,0.6485,0.1354,0.6512,0.6105,0.00295,78,No
sensor_128,0.57,No,Kept,3.1922,0.2642,3.1899,3.2239,0.00188,209,No
sensor_129,0.57,No,Kept,-0.5542,1.2205,-0.588,-0.0826,0.0073,8,Yes
sensor_130,0.57,No,Kept,0.745,0.0825,0.7433,0.7687,0.01007,4,Yes
sensor_131,0.57,No,Kept,0.9978,0.0023,0.9978,0.998,0.0025,108,No
sensor_132,0.51,No,Kept,2.3185,0.0532,2.3185,2.3186,0.00283,82,No
sensor_133,0.51,No,Kept,1004.0431,6.5377,1003.9246,1005.7005,0.0034,51,No
sensor_134,0.51,No,Kept,39.392,2.9905,39.4164,39.0503,0.00092,420,No
sensor_135,0.32,No,Kept,117.9609,57.5446,118.382,112.0577,0.00177,256,No
sensor_136,0.38,No,Kept,138.1947,53.9098,138.0321,140.474,0.00147,337,No
sensor_137,0.45,No,Kept,122.6929,52.253,122.2782,128.5592,0.00243,119,No
sensor_138,0.89,No,Kept,57.603,12.3454,57.4458,59.7942,0.00173,267,No
sensor_139,0.89,No,Kept,416.767,263.3006,417.1042,412.0683,0.00158,308,No
sensor_140,0.89,No,Kept,26.0779,506.9221,27.9268,0.3184,0.00112,398,No
sensor_141,0.89,Yes,Dropped - constant,0.0,0.0,0.0,0.0,,,No
sensor_142,0.89,No,Kept,6.6416,3.5523,6.6562,6.437,0.00169,275,No
sensor_143,0.57,No,Kept,0.0042,0.0013,0.0042,0.004,0.0026,94,No
sensor_144,0.13,No,Kept,0.12,0.0613,0.1206,0.1112,0.00316,66,No
sensor_145,0.13,No,Kept,0.0636,0.0265,0.0639,0.0593,0.00194,192,No
sensor_146,0.13,No,Kept,0.055,0.0218,0.0553,0.0514,0.00252,104,No
sensor_147,0.13,No,Kept,0.0174,0.0271,0.0174,0.0182,0.00239,125,No
sensor_148,0.13,No,Kept,8.4713,18.7406,8.4993,8.0778,0.00109,405,No
sensor_149,0.19,Yes,Dropped - constant,0.0,0.0,0.0,0.0,,,No
sensor_150,0.19,No,Kept,6.8143,3.2418,6.8248,6.667,0.00165,288,No
sensor_151,0.19,No,Kept,14.0474,31.0025,14.2328,11.4444,0.00123,384,No
sensor_152,0.19,No,Kept,1.1967,23.3641,1.2255,0.7933,0.00657,10,Yes
sensor_153,0.19,No,Kept,0.0119,0.0093,0.0119,0.0127,0.00251,106,No
sensor_154,0.19,No,Kept,7.698,5.2392,7.6958,7.7287,0.00135,362,No
sensor_155,0.64,No,Kept,0.5072,1.1224,0.5151,0.3956,0.00201,178,No
sensor_156,0.0,No,Kept,0.0581,0.0792,0.058,0.0587,0.00226,144,No
sensor_157,91.19,No,Dropped - >50% missing,0.0471,0.0395,0.0476,0.0393,,,No
sensor_158,91.19,No,Dropped - >50% missing,1039.6507,406.8488,1027.4569,1237.7999,,,No
sensor_159,0.13,No,Kept,882.6805,983.043,862.2756,1172.3107,0.00204,167,No
sensor_160,0.13,No,Kept,555.3463,574.8086,541.6047,750.3981,0.00258,97,No
sensor_161,0.13,No,Kept,4066.8505,4239.2451,4088.8953,3753.9417,0.00162,302,No
sensor_162,0.13,No,Kept,4797.1546,6553.5693,4807.2941,4653.233,0.00192,195,No
sensor_163,0.13,No,Kept,0.1402,0.122,0.137,0.1863,0.00446,26,No
sensor_164,0.13,No,Kept,0.1279,0.2425,0.1223,0.2084,0.00189,207,No
sensor_165,0.13,No,Kept,0.252,0.4073,0.2429,0.3813,0.00163,296,No
sensor_166,0.13,No,Kept,2.7889,1.1198,2.7733,3.0097,0.00116,390,No
sensor_167,0.13,No,Kept,1.2358,0.6328,1.232,1.2893,0.00073,428,No
sensor_168,0.13,No,Kept,0.1244,0.0476,0.1243,0.1257,0.00141,352,No
sensor_169,0.13,No,Kept,0.4005,0.1979,0.4011,0.3919,0.00133,368,No
sensor_170,0.06,No,Kept,0.6843,0.1575,0.6828,0.706,0.00145,341,No
sensor_171,0.06,No,Kept,0.1201,0.0608,0.12,0.1208,0.00116,391,No
sensor_172,0.06,No,Kept,0.3201,0.0712,0.3194,0.33,0.00177,254,No
sensor_173,0.06,No,Kept,0.5762,0.0957,0.5764,0.5736,0.00162,301,No
sensor_174,0.06,No,Kept,0.3201,0.0712,0.3194,0.33,0.002,179,No
sensor_175,0.06,No,Kept,0.778,0.1163,0.7767,0.7967,0.00227,140,No
sensor_176,0.06,No,Kept,0.2447,0.0749,0.245,0.2407,0.00143,347,No
sensor_177,0.06,No,Kept,0.3948,0.2829,0.395,0.3909,0.00122,386,No
sensor_178,1.53,Yes,Dropped - constant,0.0,0.0,0.0,0.0,,,No
sensor_179,0.06,Yes,Dropped - constant,0.0,0.0,0.0,0.0,,,No
sensor_180,0.06,No,Kept,19.0133,3.3116,19.0827,18.037,0.00386,37,No
sensor_181,0.06,No,Kept,0.5468,0.2244,0.5494,0.5103,0.00175,261,No
sensor_182,0.06,No,Kept,10.7805,4.1641,10.8153,10.2925,0.00304,76,No
sensor_183,0.06,No,Kept,26.6612,6.8361,26.5598,28.0859,0.00328,58,No
sensor_184,0.06,No,Kept,0.1448,0.1102,0.1447,0.1461,0.00203,170,No
sensor_185,0.06,No,Kept,7.3657,7.1887,7.383,7.1232,0.00103,412,No
sensor_186,0.06,Yes,Dropped - constant,0.0,0.0,0.0,0.0,,,No
sensor_187,0.06,No,Kept,17.9363,8.6099,17.9232,18.1204,0.00244,118,No
sensor_188,0.06,No,Kept,43.2114,21.7119,42.9384,47.0498,0.00235,134,No
sensor_189,0.06,Yes,Dropped - constant,0.0,0.0,0.0,0.0,,,No
sensor_190,0.26,Yes,Dropped - constant,0.0,0.0,0.0,0.0,,,No
sensor_191,0.26,Yes,Dropped - constant,0.0,0.0,0.0,0.0,,,No
sensor_192,0.26,Yes,Dropped - constant,0.0,0.0,0.0,0.0,,,No
sensor_193,0.26,Yes,Dropped - constant,0.0,0.0,0.0,0.0,,,No
sensor_194,0.26,Yes,Dropped - constant,0.0,0.0,0.0,0.0,,,No
sensor_195,0.26,No,Kept,0.2871,0.3952,0.2832,0.3423,0.00235,135,No
sensor_196,0.45,No,Kept,8.6885,15.7209,8.4643,11.8277,0.00254,103,No
sensor_197,0.38,No,Kept,20.0927,10.5522,19.935,22.3028,0.00279,86,No
sensor_198,0.38,No,Kept,0.5574,0.5377,0.5517,0.6371,0.00198,185,No
sensor_199,0.38,No,Kept,11.5321,16.4456,11.3037,14.7312,0.0019,202,No
sensor_200,0.45,No,Kept,17.6002,8.6907,17.4595,19.5703,0.00367,39,No
sensor_201,0.45,No,Kept,7.8394,5.1045,7.8001,8.3894,0.00179,244,No
sensor_202,0.45,No,Kept,10.1705,14.6229,10.118,10.9049,0.00245,115,No
sensor_203,0.38,No,Kept,30.0731,17.4618,29.861,33.045,0.00366,40,No
sensor_204,0.38,No,Kept,32.2182,565.1012,27.6415,96.3349,0.0021,163,No
sensor_205,0.38,No,Kept,9.0501,11.5411,8.8847,11.367,0.00727,9,Yes
sensor_206,0.38,No,Kept,0.0013,0.0506,0.0014,0.0,0.0,443,No
sensor_207,0.38,No,Kept,20.3762,17.4976,20.2109,22.692,0.00238,130,No
sensor_208,0.38,No,Kept,73.2643,28.0671,73.435,70.8734,0.00178,252,No
sensor_209,0.38,No,Kept,0.0296,1.1681,0.0317,0.0,0.0,444,No
sensor_210,1.53,No,Kept,0.0889,0.0421,0.0877,0.1049,0.00356,45,No
sensor_211,1.53,No,Kept,0.0568,0.025,0.0565,0.0609,0.00166,284,No
sensor_212,1.53,No,Kept,0.0514,0.0316,0.0514,0.0517,0.00144,342,No
sensor_213,1.53,No,Kept,0.0603,0.053,0.0597,0.069,0.00333,55,No
sensor_214,1.53,No,Kept,0.0833,0.0565,0.0838,0.0764,0.00178,248,No
sensor_215,1.53,No,Kept,0.0811,0.0304,0.0812,0.079,0.00198,184,No
sensor_216,1.53,No,Kept,0.0835,0.0258,0.0834,0.0851,0.00179,246,No
sensor_217,1.53,No,Kept,0.0716,0.0463,0.0715,0.0736,0.00152,325,No
sensor_218,0.06,No,Kept,3.7715,1.1704,3.7761,3.7065,0.0026,95,No
sensor_219,0.77,No,Kept,0.0033,0.0016,0.0032,0.0033,0.00111,400,No
sensor_220,85.58,No,Dropped - >50% missing,0.0092,0.002,0.0092,0.0087,,,No
sensor_221,0.0,No,Kept,0.0607,0.0233,0.0606,0.0626,0.00187,213,No
sensor_222,0.0,No,Kept,0.0088,0.0559,0.0084,0.0154,0.00075,427,No
sensor_223,0.0,No,Kept,122.8466,55.156,122.8623,122.6257,0.00194,190,No
sensor_224,3.25,No,Kept,0.0594,0.0712,0.0591,0.0632,0.00109,404,No
sensor_225,3.25,No,Kept,1041.0566,433.1701,1038.7114,1073.2291,0.00183,231,No
sensor_226,0.38,Yes,Dropped - constant,0.0,0.0,0.0,0.0,,,No
sensor_227,0.13,No,Kept,0.0191,0.0108,0.019,0.0208,0.00238,126,No
sensor_228,0.13,No,Kept,0.0178,0.0107,0.0178,0.0183,0.00197,188,No
sensor_229,0.38,Yes,Dropped - constant,0.0,0.0,0.0,0.0,,,No
sensor_230,0.38,Yes,Dropped - constant,0.0,0.0,0.0,0.0,,,No
sensor_231,0.38,Yes,Dropped - constant,0.0,0.0,0.0,0.0,,,No
sensor_232,0.38,Yes,Dropped - constant,0.0,0.0,0.0,0.0,,,No
sensor_233,0.38,Yes,Dropped - constant,0.0,0.0,0.0,0.0,,,No
sensor_234,0.38,Yes,Dropped - constant,0.0,0.0,0.0,0.0,,,No
sensor_235,0.38,Yes,Dropped - constant,0.0,0.0,0.0,0.0,,,No
sensor_236,0.38,Yes,Dropped - constant,0.0,0.0,0.0,0.0,,,No
sensor_237,0.38,Yes,Dropped - constant,0.0,0.0,0.0,0.0,,,No
sensor_238,0.13,No,Kept,0.0048,0.0017,0.0048,0.0049,0.00105,410,No
sensor_239,0.13,No,Kept,0.0046,0.0014,0.0046,0.0044,0.00202,176,No
sensor_240,0.38,Yes,Dropped - constant,0.0,0.0,0.0,0.0,,,No
sensor_241,0.38,Yes,Dropped - constant,0.0,0.0,0.0,0.0,,,No
sensor_242,0.38,Yes,Dropped - constant,0.0,0.0,0.0,0.0,,,No
sensor_243,0.38,Yes,Dropped - constant,0.0,0.0,0.0,0.0,,,No
sensor_244,64.96,No,Dropped - >50% missing,0.0058,0.0846,0.006,0.0023,,,No
sensor_245,64.96,No,Dropped - >50% missing,1.7297,4.3356,1.7532,1.3234,,,No
sensor_246,64.96,No,Dropped - >50% missing,4.1487,10.0451,4.1685,3.8074,,,No
sensor_247,45.63,No,Kept,0.0534,0.0669,0.0517,0.0713,0.00918,5,Yes
sensor_248,0.0,No,Kept,0.0252,0.0492,0.0251,0.0268,0.00113,397,No
sensor_249,0.0,No,Kept,0.0011,0.0158,0.0008,0.005,3e-05,439,No
sensor_250,0.0,No,Kept,109.651,54.5973,109.5496,111.0766,0.00162,297,No
sensor_251,0.0,No,Kept,0.0043,0.0375,0.0044,0.0028,0.00096,416,No
sensor_252,0.0,No,Kept,4.6451,64.3548,4.7589,3.0443,0.00227,141,No
sensor_253,1.53,No,Kept,0.0332,0.0224,0.0331,0.0342,0.00125,381,No
sensor_254,0.0,No,Kept,0.0139,0.0091,0.014,0.0132,0.00174,262,No
sensor_255,0.0,No,Kept,0.4038,0.1203,0.4042,0.3986,0.00148,336,No
sensor_256,0.57,Yes,Dropped - constant,0.0,0.0,0.0,0.0,,,No
sensor_257,0.57,Yes,Dropped - constant,0.0,0.0,0.0,0.0,,,No
sensor_258,0.57,Yes,Dropped - constant,0.0,0.0,0.0,0.0,,,No
sensor_259,0.57,Yes,Dropped - constant,0.0,0.0,0.0,0.0,,,No
sensor_260,0.57,Yes,Dropped - constant,0.0,0.0,0.0,0.0,,,No
sensor_261,0.57,Yes,Dropped - constant,0.0,0.0,0.0,0.0,,,No
sensor_262,0.57,Yes,Dropped - constant,0.0,0.0,0.0,0.0,,,No
sensor_263,0.57,Yes,Dropped - constant,0.0,0.0,0.0,0.0,,,No
sensor_264,0.57,Yes,Dropped - constant,0.0,0.0,0.0,0.0,,,No
sensor_265,0.57,Yes,Dropped - constant,0.0,0.0,0.0,0.0,,,No
sensor_266,0.57,Yes,Dropped - constant,0.0,0.0,0.0,0.0,,,No
sensor_267,0.51,No,Kept,0.0706,0.0296,0.0707,0.0689,0.00182,235,No
sensor_268,0.51,No,Kept,19.5047,7.3444,19.4913,19.6918,0.00203,169,No
sensor_269,0.51,No,Kept,3.7779,1.1523,3.7723,3.8556,0.00098,415,No
sensor_270,0.32,No,Kept,29.2603,8.402,29.3237,28.3717,0.00235,133,No
sensor_271,0.38,No,Kept,46.0566,17.8664,45.9283,47.8544,0.00185,218,No
sensor_272,0.45,No,Kept,41.2981,17.7375,41.1516,43.3716,0.00179,245,No
sensor_273,0.89,No,Kept,20.1812,3.8305,20.1559,20.5344,0.00143,350,No
sensor_274,0.89,No,Kept,136.2924,85.6078,136.4141,134.5973,0.0016,305,No
sensor_275,0.89,No,Kept,8.6932,168.9494,9.3095,0.106,0.00148,332,No
sensor_276,0.89,Yes,Dropped - constant,0.0,0.0,0.0,0.0,,,No
sensor_277,0.89,No,Kept,2.2107,1.1964,2.2138,2.1678,0.0017,273,No
sensor_278,0.57,No,Kept,0.0011,0.0003,0.0011,0.0011,0.00138,356,No
sensor_279,0.13,No,Kept,0.0411,0.0203,0.0413,0.0381,0.00267,90,No
sensor_280,0.13,No,Kept,0.018,0.0065,0.0181,0.0168,0.00293,80,No
sensor_281,0.13,No,Kept,0.0151,0.0055,0.0152,0.0141,0.00308,71,No
sensor_282,0.13,No,Kept,0.0058,0.0086,0.0057,0.0061,0.00223,147,No
sensor_283,0.13,No,Kept,2.804,5.8643,2.8144,2.6572,0.00135,363,No
sensor_284,0.19,Yes,Dropped - constant,0.0,0.0,0.0,0.0,,,No
sensor_285,0.19,No,Kept,2.1198,0.9629,2.123,2.0753,0.00187,210,No
sensor_286,0.19,No,Kept,4.26,9.7638,4.3152,3.4849,0.00219,153,No
sensor_287,0.19,No,Kept,0.3675,7.3863,0.377,0.2347,0.00496,21,No
sensor_288,0.19,No,Kept,0.0039,0.0029,0.0039,0.0042,0.00324,62,No
sensor_289,0.19,No,Kept,2.5786,1.617,2.5797,2.5631,0.00198,186,No
sensor_290,0.64,No,Kept,0.1234,0.271,0.1245,0.1089,0.00388,36,No
sensor_291,0.0,No,Kept,0.0199,0.0255,0.0199,0.0199,0.00152,326,No
sensor_292,91.19,No,Dropped - >50% missing,0.0145,0.0115,0.0146,0.0125,,,No
sensor_293,91.19,No,Dropped - >50% missing,335.5512,137.6925,331.6546,398.8709,,,No
sensor_294,0.13,No,Kept,401.8148,477.0501,391.4183,549.3839,0.00185,216,No
sensor_295,0.13,No,Kept,252.9991,283.5307,246.059,351.5081,0.0028,84,No
sensor_296,0.13,No,Kept,1879.2284,1975.1114,1887.5381,1761.2783,0.00187,212,No
sensor_297,0.13,No,Kept,2342.827,3226.9243,2346.1919,2295.0653,0.00199,183,No
sensor_298,0.13,No,Kept,0.0638,0.0642,0.0621,0.0886,0.00407,34,No
sensor_299,0.13,No,Kept,0.0603,0.1308,0.0572,0.1036,0.00237,131,No
sensor_300,0.13,No,Kept,0.1184,0.2191,0.1135,0.1884,0.00185,217,No
sensor_301,0.13,No,Kept,0.9101,0.332,0.9059,0.97,0.00183,228,No
sensor_302,0.13,No,Kept,0.4033,0.1975,0.402,0.4218,0.0017,272,No
sensor_303,0.13,No,Kept,0.0403,0.0145,0.0403,0.0408,0.00104,411,No
sensor_304,0.13,No,Kept,0.1321,0.0649,0.1322,0.1302,0.00181,237,No
sensor_305,0.06,No,Kept,0.2649,0.0574,0.2646,0.2694,0.00138,355,No
sensor_306,0.06,No,Kept,0.0486,0.0254,0.0486,0.0489,0.00103,413,No
sensor_307,0.06,No,Kept,0.1289,0.0275,0.1288,0.1312,0.00219,152,No
sensor_308,0.06,No,Kept,0.2184,0.0336,0.2184,0.2182,0.00231,137,No
sensor_309,0.06,No,Kept,0.1289,0.0275,0.1288,0.1312,0.00189,204,No
sensor_310,0.06,No,Kept,0.3048,0.0435,0.3043,0.3112,0.00229,139,No
sensor_311,0.06,No,Kept,0.0973,0.0288,0.0975,0.0953,0.00096,417,No
sensor_312,0.06,No,Kept,0.1601,0.1173,0.1601,0.1587,0.0011,402,No
sensor_313,1.53,Yes,Dropped - constant,0.0,0.0,0.0,0.0,,,No
sensor_314,1.53,Yes,Dropped - constant,0.0,0.0,0.0,0.0,,,No
sensor_315,0.06,Yes,Dropped - constant,0.0,0.0,0.0,0.0,,,No
sensor_316,0.06,No,Kept,5.977,1.0186,6.0013,5.6356,0.00472,22,No
sensor_317,0.06,No,Kept,0.1726,0.0724,0.1734,0.1619,0.00279,85,No
sensor_318,0.06,No,Kept,3.1888,1.2159,3.2003,3.0262,0.00157,312,No
sensor_319,0.06,No,Kept,7.916,2.1791,7.8852,8.3491,0.00427,29,No
sensor_320,0.06,No,Kept,0.0431,0.0319,0.0431,0.0435,0.00166,285,No
sensor_321,0.06,No,Kept,2.2637,2.117,2.2692,2.1862,0.00156,316,No
sensor_322,0.06,Yes,Dropped - constant,0.0,0.0,0.0,0.0,,,No
sensor_323,0.06,No,Kept,5.3934,2.5189,5.3896,5.4475,0.00256,99,No
sensor_324,0.06,No,Kept,13.3322,6.6158,13.2622,14.3157,0.00185,220,No
sensor_325,0.06,Yes,Dropped - constant,0.0,0.0,0.0,0.0,,,No
sensor_326,0.26,Yes,Dropped - constant,0.0,0.0,0.0,0.0,,,No
sensor_327,0.26,Yes,Dropped - constant,0.0,0.0,0.0,0.0,,,No
sensor_328,0.26,Yes,Dropped - constant,0.0,0.0,0.0,0.0,,,No
sensor_329,0.26,Yes,Dropped - constant,0.0,0.0,0.0,0.0,,,No
sensor_330,0.26,Yes,Dropped - constant,0.0,0.0,0.0,0.0,,,No
sensor_331,0.26,No,Kept,0.0832,0.0634,0.0826,0.0916,0.0029,81,No
sensor_332,0.45,No,Kept,2.5935,5.6452,2.5411,3.3267,0.00174,263,No
sensor_333,0.38,No,Kept,6.2159,3.4034,6.1716,6.8362,0.00248,111,No
sensor_334,0.38,No,Kept,0.1684,0.1729,0.1665,0.1947,0.00108,407,No
sensor_335,0.38,No,Kept,3.4269,5.7816,3.3736,4.1737,0.00157,310,No
sensor_336,0.45,No,Kept,9.7364,7.5561,9.6565,10.8554,0.00341,50,No
sensor_337,0.45,No,Kept,2.3275,1.6994,2.3032,2.6675,0.0013,372,No
sensor_338,0.45,No,Kept,3.0376,5.645,3.0273,3.1818,0.00127,379,No
sensor_339,0.38,No,Kept,9.329,6.0747,9.2804,10.0098,0.00254,100,No
sensor_340,0.38,No,Kept,14.6735,261.7385,12.2549,48.5577,0.0016,304,No
sensor_341,0.38,No,Kept,2.7321,3.6679,2.6834,3.4146,0.0064,11,Yes
sensor_342,0.38,No,Kept,0.0003,0.0113,0.0003,0.0,0.0,442,No
sensor_343,0.38,No,Kept,6.1985,5.3718,6.1542,6.8187,0.00305,73,No
sensor_344,0.38,No,Kept,23.2171,8.8952,23.2719,22.4499,0.00167,282,No
sensor_345,50.67,No,Dropped - >50% missing,7.9584,17.513,7.9753,7.7828,,,No
sensor_346,50.67,No,Dropped - >50% missing,5.7702,17.0775,5.7866,5.6007,,,No
sensor_347,0.38,No,Kept,0.0089,0.3522,0.0096,0.0,0.0,440,No
sensor_348,1.53,No,Kept,0.0247,0.0119,0.0243,0.0304,0.00621,12,Yes
sensor_349,1.53,No,Kept,0.0253,0.0106,0.0251,0.027,0.00162,299,No
sensor_350,1.53,No,Kept,0.0232,0.0143,0.0232,0.0234,0.00156,314,No
sensor_351,1.53,No,Kept,0.0276,0.0246,0.0273,0.0315,0.00242,122,No
sensor_352,1.53,No,Kept,0.0234,0.0132,0.0234,0.0223,0.00203,172,No
sensor_353,1.53,No,Kept,0.0403,0.0155,0.0404,0.0392,0.00172,271,No
sensor_354,1.53,No,Kept,0.0419,0.0131,0.0419,0.0416,0.00182,233,No
sensor_355,1.53,No,Kept,0.0345,0.0223,0.0345,0.0353,0.00191,197,No
sensor_356,0.06,No,Kept,1.2986,0.3869,1.2997,1.2843,0.00177,255,No
sensor_357,0.77,No,Kept,0.001,0.0005,0.001,0.001,0.00193,193,No
sensor_358,85.58,No,Dropped - >50% missing,0.0024,0.0004,0.0024,0.0024,,,No
sensor_359,0.0,No,Kept,0.0198,0.0071,0.0198,0.0207,0.00153,323,No
sensor_360,0.0,No,Kept,0.0029,0.02,0.0027,0.0058,0.00084,425,No
sensor_361,0.0,No,Kept,39.9364,17.0563,39.959,39.6185,0.0018,242,No
sensor_362,3.25,No,Kept,0.0184,0.0216,0.0183,0.0194,0.00112,399,No
sensor_363,3.25,No,Kept,333.3196,138.8019,332.2119,348.5162,0.0013,373,No
sensor_364,0.38,Yes,Dropped - constant,0.0,0.0,0.0,0.0,,,No
sensor_365,0.13,No,Kept,0.0052,0.0027,0.0052,0.0057,0.0015,330,No
sensor_366,0.13,No,Kept,0.0048,0.0024,0.0048,0.0049,0.00122,387,No
sensor_367,0.38,No,Kept,0.0038,0.0027,0.0038,0.0037,0.00152,324,No
sensor_368,0.38,No,Kept,0.0032,0.0021,0.0032,0.0032,0.00138,359,No
sensor_369,0.38,Yes,Dropped - constant,0.0,0.0,0.0,0.0,,,No
sensor_370,0.38,Yes,Dropped - constant,0.0,0.0,0.0,0.0,,,No
sensor_371,0.38,Yes,Dropped - constant,0.0,0.0,0.0,0.0,,,No
sensor_372,0.38,Yes,Dropped - constant,0.0,0.0,0.0,0.0,,,No
sensor_373,0.38,Yes,Dropped - constant,0.0,0.0,0.0,0.0,,,No
sensor_374,0.38,Yes,Dropped - constant,0.0,0.0,0.0,0.0,,,No
sensor_375,0.38,Yes,Dropped - constant,0.0,0.0,0.0,0.0,,,No
sensor_376,0.13,No,Kept,0.0016,0.0005,0.0016,0.0016,0.00126,380,No
sensor_377,0.13,No,Kept,0.0016,0.0005,0.0016,0.0015,0.00243,120,No
sensor_378,0.38,Yes,Dropped - constant,0.0,0.0,0.0,0.0,,,No
sensor_379,0.38,Yes,Dropped - constant,0.0,0.0,0.0,0.0,,,No
sensor_380,0.38,Yes,Dropped - constant,0.0,0.0,0.0,0.0,,,No
sensor_381,0.38,Yes,Dropped - constant,0.0,0.0,0.0,0.0,,,No
sensor_382,64.96,No,Dropped - >50% missing,0.0018,0.0267,0.0019,0.0007,,,No
sensor_383,64.96,No,Dropped - >50% missing,0.541,1.341,0.5488,0.406,,,No
sensor_384,64.96,No,Dropped - >50% missing,1.2854,3.1684,1.294,1.1381,,,No
sensor_385,45.63,No,Kept,0.0114,0.0144,0.0112,0.0134,0.0051,19,Yes
sensor_386,0.0,No,Kept,0.0083,0.0155,0.0082,0.0088,0.00129,375,No
sensor_387,0.0,No,Kept,0.0003,0.005,0.0003,0.0016,5e-05,437,No
sensor_388,0.0,No,Kept,35.1551,17.227,35.0645,36.429,0.00177,257,No
sensor_389,0.0,No,Kept,0.0013,0.0118,0.0014,0.0009,0.00036,436,No
sensor_390,0.0,No,Kept,1.4319,20.3264,1.4687,0.9133,0.0024,123,No
sensor_391,1.53,No,Kept,0.011,0.0067,0.0109,0.0111,0.0018,243,No
sensor_392,0.0,No,Kept,0.0045,0.003,0.0045,0.0043,0.00221,148,No
sensor_393,0.0,No,Kept,0.134,0.0384,0.134,0.1335,0.00178,249,No
sensor_394,0.57,Yes,Dropped - constant,0.0,0.0,0.0,0.0,,,No
sensor_395,0.57,Yes,Dropped - constant,0.0,0.0,0.0,0.0,,,No
sensor_396,0.57,Yes,Dropped - constant,0.0,0.0,0.0,0.0,,,No
sensor_397,0.57,Yes,Dropped - constant,0.0,0.0,0.0,0.0,,,No
sensor_398,0.57,Yes,Dropped - constant,0.0,0.0,0.0,0.0,,,No
sensor_399,0.57,Yes,Dropped - constant,0.0,0.0,0.0,0.0,,,No
sensor_400,0.57,Yes,Dropped - constant,0.0,0.0,0.0,0.0,,,No
sensor_401,0.57,Yes,Dropped - constant,0.0,0.0,0.0,0.0,,,No
sensor_402,0.57,Yes,Dropped - constant,0.0,0.0,0.0,0.0,,,No
sensor_403,0.57,Yes,Dropped - constant,0.0,0.0,0.0,0.0,,,No
sensor_404,0.57,Yes,Dropped - constant,0.0,0.0,0.0,0.0,,,No
sensor_405,0.51,No,Kept,0.0242,0.0107,0.0242,0.0237,0.00229,138,No
sensor_406,0.51,No,Kept,6.7306,2.8296,6.7133,6.9726,0.00192,194,No
sensor_407,0.51,No,Kept,1.232,0.3647,1.2299,1.2609,0.00212,160,No
sensor_408,0.32,No,Kept,5.3409,2.5781,5.3597,5.0773,0.0021,164,No
sensor_409,0.38,No,Kept,4.5804,1.7768,4.5741,4.669,0.00149,331,No
sensor_410,0.45,No,Kept,4.9293,2.123,4.9127,5.1652,0.00326,59,No
sensor_411,0.89,No,Kept,2.6161,0.5515,2.6091,2.7134,0.00221,149,No
sensor_412,0.89,No,Kept,30.9113,18.4136,30.87,31.4871,0.00129,374,No
sensor_413,0.89,No,Kept,25.6127,47.3085,25.6935,24.4862,0.00118,388,No
sensor_414,0.89,Yes,Dropped - constant,0.0,0.0,0.0,0.0,,,No
sensor_415,0.89,No,Kept,6.6306,3.9584,6.6511,6.3445,0.00148,335,No
sensor_416,0.57,No,Kept,3.4043,1.0354,3.416,3.241,0.00269,89,No
sensor_417,0.13,No,Kept,8.1909,4.0545,8.237,7.5432,0.00374,38,No
sensor_418,0.13,No,Kept,320.2592,287.7045,322.575,287.7277,0.00133,367,No
sensor_419,0.13,No,Kept,309.0613,325.4484,307.8242,326.4404,0.0006,432,No
sensor_420,0.13,No,Kept,1.8213,3.0577,1.8156,1.9012,0.00321,64,No
sensor_421,0.13,No,Kept,4.1745,6.9139,4.1841,4.0399,0.00184,223,No
sensor_422,0.19,Yes,Dropped - constant,0.0,0.0,0.0,0.0,,,No
sensor_423,0.19,No,Kept,77.6604,32.5969,77.2438,83.5094,0.0031,70,No
sensor_424,0.19,No,Kept,3.3155,6.3254,3.354,2.7739,0.00151,328,No
sensor_425,0.19,No,Kept,6.7963,23.2577,6.7104,8.0026,0.00469,23,No
sensor_426,0.19,No,Kept,1.2339,0.9956,1.2284,1.3105,0.0024,124,No
sensor_427,0.19,No,Kept,4.0585,3.0421,4.0579,4.067,0.00124,382,No
sensor_428,0.64,No,Kept,4.2207,10.6327,4.2956,3.1641,0.00219,151,No
sensor_429,0.0,No,Kept,4.1718,6.4354,4.1714,4.1785,0.00235,136,No
sensor_430,0.13,No,Kept,18.4216,36.0601,17.3684,33.3702,0.00156,317,No
sensor_431,0.13,No,Kept,22.3583,36.3954,21.1912,38.9241,0.00363,42,No
sensor_432,0.13,No,Kept,99.3676,126.1887,99.2186,101.4833,0.00134,365,No
sensor_433,0.13,No,Kept,205.5193,225.7789,202.6575,246.1401,0.00247,112,No
sensor_434,0.13,No,Kept,14.7339,34.1089,13.7192,29.1369,0.00254,101,No
sensor_435,0.13,No,Kept,9.3707,34.3698,8.376,23.4891,0.00132,370,No
sensor_436,0.13,No,Kept,7.5133,34.5578,6.5329,21.4281,0.00134,366,No
sensor_437,0.13,No,Kept,4.0168,1.6113,3.9869,4.4416,0.00183,225,No
sensor_438,0.13,No,Kept,54.7011,34.1081,54.56,56.7037,0.00143,348,No
sensor_439,0.13,No,Kept,70.6439,38.3762,70.8507,67.7092,0.00204,168,No
sensor_440,0.13,No,Kept,11.5266,6.1695,11.5389,11.3528,0.002,180,No
sensor_441,0.06,No,Kept,0.8021,0.1842,0.8004,0.825,0.00145,339,No
sensor_442,0.06,No,Kept,1.3453,0.6592,1.3476,1.3122,0.00143,349,No
sensor_443,0.06,No,Kept,0.6339,0.1436,0.6325,0.6537,0.0021,165,No
sensor_444,0.06,No,Kept,0.895,0.1555,0.8953,0.8911,0.00182,234,No
sensor_445,0.06,No,Kept,0.6471,0.1413,0.6457,0.6671,0.00202,177,No
sensor_446,0.06,No,Kept,1.175,0.1762,1.1731,1.2024,0.00145,338,No
sensor_447,0.06,No,Kept,0.2819,0.0865,0.2822,0.2771,0.0019,203,No
sensor_448,0.06,No,Kept,0.3323,0.2363,0.3325,0.3291,0.00115,392,No
sensor_449,1.53,Yes,Dropped - constant,0.0,0.0,0.0,0.0,,,No
sensor_450,1.53,Yes,Dropped - constant,0.0,0.0,0.0,0.0,,,No
sensor_451,0.06,Yes,Dropped - constant,0.0,0.0,0.0,0.0,,,No
sensor_452,0.06,No,Kept,5.3468,0.9192,5.3657,5.0812,0.00347,48,No
sensor_453,0.06,No,Kept,5.461,2.2508,5.486,5.1094,0.00182,236,No
sensor_454,0.06,No,Kept,7.8837,3.0597,7.9109,7.5013,0.00211,162,No
sensor_455,0.06,No,Kept,3.6366,0.9384,3.6226,3.8346,0.00298,77,No
sensor_456,0.06,No,Kept,12.3257,8.1259,12.3238,12.352,0.00163,295,No
sensor_457,0.06,No,Kept,5.2637,4.5377,5.2738,5.1217,0.00124,383,No
sensor_458,0.06,Yes,Dropped - constant,0.0,0.0,0.0,0.0,,,No
sensor_459,0.06,No,Kept,2.8384,1.3456,2.8361,2.8709,0.00218,155,No
sensor_460,0.06,No,Kept,29.1974,13.3352,28.982,32.2258,0.00462,24,No
sensor_461,0.06,Yes,Dropped - constant,0.0,0.0,0.0,0.0,,,No
sensor_462,0.26,Yes,Dropped - constant,0.0,0.0,0.0,0.0,,,No
sensor_463,0.26,Yes,Dropped - constant,0.0,0.0,0.0,0.0,,,No
sensor_464,0.26,Yes,Dropped - constant,0.0,0.0,0.0,0.0,,,No
sensor_465,0.26,Yes,Dropped - constant,0.0,0.0,0.0,0.0,,,No
sensor_466,0.26,Yes,Dropped - constant,0.0,0.0,0.0,0.0,,,No
sensor_467,0.26,No,Kept,6.2521,8.6737,6.1679,7.445,0.002,181,No
sensor_468,0.45,No,Kept,224.173,230.7669,227.5909,176.3234,0.0034,52,No
sensor_469,0.38,No,Kept,5.6623,3.1517,5.618,6.2833,0.00344,49,No
sensor_470,0.38,No,Kept,5.3678,4.9834,5.3169,6.0808,0.00191,198,No
sensor_471,0.38,No,Kept,9.6388,10.1741,9.4767,11.9096,0.00182,232,No
sensor_472,0.45,No,Kept,137.8884,47.698,137.8729,138.106,0.0011,403,No
sensor_473,0.45,No,Kept,39.4268,22.4571,39.3698,40.225,0.00203,171,No
sensor_474,0.45,No,Kept,37.637,24.8229,37.539,39.0104,0.00164,291,No
sensor_475,0.38,No,Kept,4.2626,2.6112,4.2316,4.6971,0.00337,54,No
sensor_476,0.38,No,Kept,20.1322,14.9396,20.0182,21.7281,0.00145,340,No
sensor_477,0.38,No,Kept,6.2579,10.185,6.1051,8.399,0.00757,7,Yes
sensor_478,0.38,No,Kept,0.1281,5.0621,0.1373,0.0,0.0,445,No
sensor_479,0.38,No,Kept,3.2834,2.6386,3.2554,3.6762,0.00248,110,No
sensor_480,0.38,No,Kept,75.5381,35.7525,75.6486,73.9901,0.00164,289,No
sensor_481,0.38,Yes,Dropped - constant,0.0,0.0,0.0,0.0,,,No
sensor_482,1.53,No,Kept,318.4184,281.0113,319.1156,308.7729,0.00085,424,No
sensor_483,1.53,No,Kept,206.5642,192.8644,207.8032,189.4201,0.00143,346,No
sensor_484,1.53,No,Kept,215.2889,213.1266,217.7963,180.5956,0.0018,240,No
sensor_485,1.53,No,Kept,201.1117,218.69,202.9262,176.0056,0.00164,292,No
sensor_486,1.53,No,Kept,302.5062,287.3641,300.5427,329.6744,0.00187,211,No
sensor_487,1.53,No,Kept,239.4553,263.8376,240.2758,228.1028,0.00224,145,No
sensor_488,1.53,No,Kept,352.6165,252.0438,355.7593,309.1308,0.00267,91,No
sensor_489,1.53,No,Kept,272.1697,228.0467,270.9839,288.5774,0.00252,105,No
sensor_490,0.06,No,Kept,51.354,18.0486,51.3863,50.9001,0.00165,286,No
sensor_491,0.77,No,Kept,2.4427,1.2243,2.4381,2.5067,0.0019,199,No
sensor_492,85.58,No,Dropped - >50% missing,8.1709,1.7593,8.1889,7.8208,,,No
sensor_493,0.0,No,Kept,2.53,0.9739,2.525,2.601,0.00136,361,No
sensor_494,0.0,No,Kept,0.9564,6.6152,0.8944,1.8291,0.00144,343,No
sensor_495,0.0,No,Kept,6.8078,3.26,6.8109,6.7647,0.00155,318,No
sensor_496,3.25,No,Kept,29.8659,24.6216,29.909,29.274,0.00115,394,No
sensor_497,3.25,No,Kept,11.821,4.9566,11.7871,12.2859,0.0014,353,No
sensor_498,0.38,Yes,Dropped - constant,0.0,0.0,0.0,0.0,,,No
sensor_499,0.13,No,Kept,263.1959,324.7713,265.7991,226.6258,0.00064,431,No
sensor_500,0.13,No,Kept,240.9814,323.0034,239.7206,258.6935,0.00113,396,No
sensor_501,0.38,Yes,Dropped - constant,0.0,0.0,0.0,0.0,,,No
sensor_502,0.38,Yes,Dropped - constant,0.0,0.0,0.0,0.0,,,No
sensor_503,0.38,Yes,Dropped - constant,0.0,0.0,0.0,0.0,,,No
sensor_504,0.38,Yes,Dropped - constant,0.0,0.0,0.0,0.0,,,No
sensor_505,0.38,Yes,Dropped - constant,0.0,0.0,0.0,0.0,,,No
sensor_506,0.38,Yes,Dropped - constant,0.0,0.0,0.0,0.0,,,No
sensor_507,0.38,Yes,Dropped - constant,0.0,0.0,0.0,0.0,,,No
sensor_508,0.38,Yes,Dropped - constant,0.0,0.0,0.0,0.0,,,No
sensor_509,0.38,Yes,Dropped - constant,0.0,0.0,0.0,0.0,,,No
sensor_510,0.13,No,Kept,55.7635,37.6917,54.4406,74.3479,0.00568,16,Yes
sensor_511,0.13,No,Kept,275.9795,329.6647,271.1498,343.8262,0.00169,277,No
sensor_512,0.38,Yes,Dropped - constant,0.0,0.0,0.0,0.0,,,No
sensor_513,0.38,Yes,Dropped - constant,0.0,0.0,0.0,0.0,,,No
sensor_514,0.38,Yes,Dropped - constant,0.0,0.0,0.0,0.0,,,No
sensor_515,0.38,Yes,Dropped - constant,0.0,0.0,0.0,0.0,,,No
sensor_516,64.96,No,Dropped - >50% missing,0.6789,10.7839,0.7048,0.2311,,,No
sensor_517,64.96,No,Dropped - >50% missing,1.7389,4.8907,1.764,1.3054,,,No
sensor_518,64.96,No,Dropped - >50% missing,1.8063,4.7159,1.8154,1.649,,,No
sensor_519,45.63,No,Kept,11.7284,15.8144,11.3933,15.4147,0.00813,6,Yes
sensor_520,0.0,No,Kept,2.696,5.7024,2.6843,2.8604,0.0014,354,No
sensor_521,0.0,No,Kept,11.6101,103.123,10.6007,25.8089,4e-05,438,No
sensor_522,0.0,No,Kept,14.7289,7.1044,14.703,15.0932,0.00151,327,No
sensor_523,0.0,No,Kept,0.4539,4.1476,0.4654,0.2921,0.00144,345,No
sensor_524,0.0,No,Kept,5.6878,20.6634,5.7199,5.2355,0.00245,116,No
sensor_525,1.53,No,Kept,5.5604,3.9204,5.5485,5.725,0.00202,175,No
sensor_526,0.0,No,Kept,1.4435,0.9584,1.449,1.3661,0.00245,114,No
sensor_527,0.0,No,Kept,6.3957,1.8887,6.401,6.3219,0.00167,281,No
sensor_528,0.57,Yes,Dropped - constant,0.0,0.0,0.0,0.0,,,No
sensor_529,0.57,Yes,Dropped - constant,0.0,0.0,0.0,0.0,,,No
sensor_530,0.57,Yes,Dropped - constant,0.0,0.0,0.0,0.0,,,No
sensor_531,0.57,Yes,Dropped - constant,0.0,0.0,0.0,0.0,,,No
sensor_532,0.57,Yes,Dropped - constant,0.0,0.0,0.0,0.0,,,No
sensor_533,0.57,Yes,Dropped - constant,0.0,0.0,0.0,0.0,,,No
sensor_534,0.57,Yes,Dropped - constant,0.0,0.0,0.0,0.0,,,No
sensor_535,0.57,Yes,Dropped - constant,0.0,0.0,0.0,0.0,,,No
sensor_536,0.57,Yes,Dropped - constant,0.0,0.0,0.0,0.0,,,No
sensor_537,0.57,Yes,Dropped - constant,0.0,0.0,0.0,0.0,,,No
sensor_538,0.57,Yes,Dropped - constant,0.0,0.0,0.0,0.0,,,No
sensor_539,0.51,No,Kept,3.0342,1.2529,3.0399,2.9551,0.00194,191,No
sensor_540,0.51,No,Kept,1.9428,0.7319,1.9417,1.9583,0.00214,157,No
sensor_541,0.51,No,Kept,9.6116,2.8964,9.5924,9.8804,0.00175,260,No
sensor_542,0.13,No,Kept,0.1112,0.0027,0.1112,0.1107,0.00089,422,No
sensor_543,0.13,No,Kept,0.0085,0.0015,0.0085,0.0082,0.00115,393,No
sensor_544,0.13,No,Kept,0.0025,0.0003,0.0025,0.0025,0.00056,433,No
sensor_545,0.13,No,Kept,7.6114,1.3155,7.6275,7.385,0.00088,423,No
sensor_546,16.59,No,Kept,1.0396,0.3891,1.041,1.0196,0.00134,364,No
sensor_547,16.59,No,Kept,403.5465,5.0639,403.4817,404.4659,0.00312,69,No
sensor_548,16.59,No,Kept,75.6799,3.3905,75.6714,75.8,0.00133,369,No
sensor_549,16.59,No,Kept,0.6633,0.6733,0.6625,0.6742,0.00189,205,No
sensor_550,16.59,No,Kept,17.0133,4.967,16.9423,18.0215,0.00159,307,No
sensor_551,16.59,No,Kept,1.2307,1.3611,1.2076,1.5592,0.00162,300,No
sensor_552,16.59,No,Kept,0.2767,0.2762,0.2763,0.282,0.0019,201,No
sensor_553,16.59,No,Kept,7.7039,2.1926,7.6729,8.1442,0.00138,357,No
sensor_554,16.59,No,Kept,0.5037,0.5989,0.4935,0.6482,0.00203,173,No
sensor_555,16.59,No,Kept,57.7465,35.2076,57.5172,61.002,0.00175,259,No
sensor_556,16.59,No,Kept,4.2169,1.28,4.1998,4.46,0.00156,313,No
sensor_557,16.59,No,Kept,1.6231,1.8704,1.5912,2.0755,0.0015,329,No
sensor_558,0.06,No,Kept,0.995,0.0839,0.9945,1.0023,0.00127,378,No
sensor_559,0.06,No,Kept,0.3257,0.2014,0.3244,0.3439,0.00164,290,No
sensor_560,0.06,No,Kept,0.0724,0.0516,0.0722,0.0763,0.00144,344,No
sensor_561,0.06,No,Kept,32.285,19.0261,32.1522,34.1517,0.00168,279,No
sensor_562,17.42,No,Kept,262.7297,7.6306,262.8256,261.2747,0.00227,142,No
sensor_563,17.42,No,Kept,0.6796,0.1218,0.6802,0.6715,0.00306,72,No
sensor_564,17.42,No,Kept,6.445,2.6336,6.4345,6.6044,0.00094,418,No
sensor_565,17.42,No,Kept,0.1456,0.0811,0.1447,0.1601,0.00106,409,No
sensor_566,17.42,No,Kept,2.6109,1.0328,2.6101,2.6227,0.0009,421,No
sensor_567,17.42,No,Kept,0.0601,0.0328,0.0597,0.0659,0.00099,414,No
sensor_568,17.42,No,Kept,2.4524,0.9966,2.4476,2.5258,0.00078,426,No
sensor_569,17.42,No,Kept,21.1177,10.2133,20.9811,23.1907,0.00092,419,No
sensor_570,0.0,No,Kept,530.5236,17.4997,530.5313,530.415,0.00238,128,No
sensor_571,0.0,No,Kept,2.1018,0.2751,2.1033,2.0819,0.00359,44,No
sensor_572,0.0,No,Kept,28.4502,86.3047,29.1916,18.0196,0.00128,377,No
sensor_573,0.0,No,Kept,0.3456,0.2485,0.3491,0.2973,0.00366,41,No
sensor_574,0.0,No,Kept,9.1623,26.9202,9.4114,5.6585,0.0018,241,No
sensor_575,0.0,No,Kept,0.1047,0.0678,0.1057,0.0913,0.00265,93,No
sensor_576,0.0,No,Kept,5.5637,16.9214,5.6922,3.7563,0.00162,298,No
sensor_577,0.0,No,Kept,16.6424,12.4853,16.8075,14.3189,0.00238,127,No
sensor_578,60.56,No,Dropped - >50% missing,0.0216,0.0117,0.0216,0.0222,,,No
sensor_579,60.56,No,Dropped - >50% missing,0.0168,0.0096,0.0167,0.0182,,,No
sensor_580,60.56,No,Dropped - >50% missing,0.0054,0.0031,0.0054,0.0057,,,No
sensor_581,60.56,No,Dropped - >50% missing,97.9344,87.521,98.4428,91.4599,,,No
sensor_582,0.06,No,Kept,0.5001,0.0034,0.5001,0.5007,0.0022,150,No
sensor_583,0.06,No,Kept,0.0153,0.0172,0.0153,0.0157,0.00117,389,No
sensor_584,0.06,No,Kept,0.0038,0.0037,0.0038,0.0039,0.00107,408,No
sensor_585,0.06,No,Kept,3.0678,3.578,3.063,3.1353,0.00162,303,No
sensor_586,0.06,No,Kept,0.0215,0.0124,0.0214,0.0217,0.00132,371,No
sensor_587,0.06,No,Kept,0.0165,0.0088,0.0164,0.0176,0.00245,117,No
sensor_588,0.06,No,Kept,0.0053,0.0029,0.0053,0.0056,0.00153,322,No
sensor_589,0.06,No,Kept,99.6701,93.8919,99.7365,98.7362,0.00211,161,No
